customer_id,order_date,order_status,total_amount
207,2024-01-25,Shipped,26983.77
128,2023-05-17,Delivered,37821.67
197,2024-06-27,Delivered,80886.18
481,2024-09-30,Delivered,63360.99
314,2024-08-25,Shipped,135319.4
192,2025-04-22,Delivered,102418.53
78,2024-04-17,Delivered,127524.94
174,2023-03-26,Cancelled,79401.21
397,2023-03-31,Delivered,60512.29
138,2024-07-25,Pending,30723.11
478,2024-07-01,Pending,77894.03
102,2024-09-12,Delivered,7886.46
67,2023-08-10,Cancelled,107328.35
383,2025-03-21,Delivered,138742.0
91,2024-05-30,Delivered,5750.95
12,2023-06-25,Delivered,122986.1
42,2024-03-11,Delivered,21607.29
317,2023-01-06,Delivered,20544.39
208,2023-07-25,Delivered,146079.8
328,2023-08-05,Delivered,81911.09
423,2025-02-21,Pending,141214.54
244,2023-02-27,Pending,129616.5
308,2025-03-08,Delivered,91283.19
210,2023-05-08,Pending,21719.77
90,2023-07-01,Delivered,138635.18
451,2024-07-28,Shipped,74969.7
120,2025-05-16,Shipped,128708.2
186,2023-07-10,Delivered,75284.18
6,2024-08-22,Delivered,50747.09
194,2024-02-13,Shipped,121893.14
198,2024-02-29,Delivered,80247.84
93,2025-06-19,Pending,56074.11
439,2024-02-13,Delivered,34684.66
438,2024-11-01,Shipped,108050.74
55,2025-06-14,Delivered,47226.46
392,2025-04-08,Delivered,106799.78
197,2023-10-31,Delivered,143871.92
452,2024-03-24,Delivered,136166.98
36,2024-05-30,Shipped,102783.89
165,2025-03-18,Delivered,19265.73
459,2023-09-20,Delivered,43773.47
496,2024-11-05,Delivered,24080.25
195,2024-11-25,Delivered,129433.34
317,2024-11-13,Delivered,29331.09
173,2023-07-22,Shipped,100125.45
356,2023-10-30,Cancelled,29152.08
341,2024-11-14,Shipped,96081.28
337,2024-03-02,Delivered,129967.99
119,2024-02-23,Delivered,51960.69
205,2023-01-04,Pending,79855.45
1,2024-06-18,Shipped,100910.29
383,2023-06-21,Delivered,120907.45
478,2023-07-30,Shipped,127747.39
214,2024-04-24,Delivered,93970.94
394,2024-10-08,Delivered,90969.13
148,2023-07-25,Delivered,149930.89
413,2023-11-11,Pending,4986.77
30,2024-03-02,Shipped,145627.4
321,2024-12-28,Delivered,44416.14
388,2023-04-13,Cancelled,119083.97
205,2025-03-19,Shipped,69230.64
66,2025-06-17,Pending,67092.41
436,2024-12-12,Delivered,62840.24
489,2025-01-02,Shipped,37674.37
141,2024-04-19,Delivered,133486.5
196,2023-07-08,Delivered,140554.75
246,2024-08-09,Delivered,133411.96
244,2024-11-11,Shipped,11395.93
123,2024-04-15,Delivered,17406.24
408,2024-05-20,Pending,98345.97
3,2024-08-06,Delivered,41447.11
7,2024-08-19,Shipped,39377.56
70,2024-08-25,Cancelled,59709.37
25,2023-12-17,Delivered,83378.37
150,2023-06-12,Delivered,8813.55
397,2024-03-03,Shipped,28433.14
249,2023-06-25,Shipped,98594.0
37,2024-07-27,Cancelled,116383.02
89,2024-12-19,Delivered,144001.95
274,2023-03-25,Delivered,17211.13
65,2025-04-24,Pending,81888.95
17,2025-02-16,Delivered,57010.3
182,2025-06-10,Delivered,34886.4
312,2025-02-17,Cancelled,24333.26
396,2023-02-24,Delivered,121452.14
224,2023-07-12,Shipped,110879.44
76,2024-05-23,Delivered,78281.48
477,2023-01-13,Shipped,137538.51
407,2023-04-10,Delivered,148484.07
291,2024-03-30,Delivered,90447.39
456,2023-03-24,Delivered,24381.85
456,2025-05-08,Shipped,66699.72
130,2023-11-17,Delivered,87734.32
11,2023-11-04,Cancelled,20084.52
6,2023-10-20,Delivered,44499.93
64,2024-05-19,Delivered,11029.72
182,2023-06-17,Delivered,47734.74
172,2024-11-10,Shipped,124390.98
18,2024-01-21,Delivered,91618.45
281,2023-06-04,Delivered,2976.53
442,2023-10-23,Delivered,62980.62
367,2025-03-04,Shipped,78712.62
28,2023-08-06,Shipped,39118.31
432,2024-08-03,Pending,845.98
484,2023-01-30,Delivered,19936.07
489,2023-07-04,Delivered,9377.55
451,2023-09-18,Shipped,114676.88
77,2023-01-04,Cancelled,5531.98
203,2024-04-01,Pending,88316.13
175,2024-03-21,Pending,137555.68
47,2024-01-14,Delivered,35045.84
294,2024-05-11,Shipped,128239.19
224,2024-09-18,Shipped,120136.52
69,2024-05-01,Delivered,37412.56
431,2024-12-03,Shipped,97790.31
345,2025-03-30,Delivered,130625.87
279,2023-03-21,Shipped,78768.16
352,2024-12-22,Delivered,78750.59
38,2023-09-05,Shipped,115114.14
172,2024-05-22,Shipped,119060.37
16,2023-02-09,Delivered,47414.94
474,2023-02-21,Delivered,27929.77
461,2024-11-18,Shipped,86672.25
152,2023-07-20,Delivered,17287.73
177,2024-02-03,Pending,45897.25
134,2023-07-22,Delivered,141543.55
14,2023-12-30,Shipped,91317.95
428,2025-05-31,Delivered,53953.13
163,2024-01-20,Shipped,23184.36
38,2023-01-23,Pending,31938.51
176,2024-09-27,Shipped,141223.64
331,2023-01-01,Delivered,98691.3
42,2024-12-09,Delivered,109097.75
255,2024-03-09,Delivered,56501.12
287,2024-10-22,Shipped,106868.58
414,2023-04-30,Shipped,36671.79
477,2023-02-04,Shipped,49043.52
53,2023-10-05,Delivered,93277.54
125,2023-08-06,Delivered,66816.1
9,2024-09-08,Delivered,11829.01
197,2023-05-05,Delivered,42487.59
392,2025-04-06,Delivered,63987.12
476,2025-02-11,Shipped,149456.57
310,2024-12-11,Delivered,130754.67
55,2023-10-21,Delivered,31419.56
303,2023-10-14,Delivered,73614.03
305,2023-03-29,Delivered,7322.69
43,2024-10-11,Pending,61620.4
217,2024-11-09,Delivered,86893.96
11,2023-05-05,Delivered,32865.78
342,2024-10-17,Cancelled,2104.48
221,2025-04-30,Cancelled,43174.02
430,2023-05-19,Delivered,103669.23
91,2024-12-23,Delivered,46601.96
95,2025-02-08,Delivered,94844.81
40,2023-10-03,Cancelled,45721.87
435,2025-01-14,Shipped,41263.44
64,2023-02-05,Delivered,124294.85
129,2024-04-29,Delivered,133285.8
307,2024-05-10,Shipped,149522.05
395,2024-05-28,Shipped,67291.39
257,2023-09-17,Delivered,69024.63
77,2023-07-14,Shipped,19486.1
258,2023-08-24,Delivered,90359.76
37,2023-08-21,Delivered,117246.85
294,2023-01-01,Shipped,117853.53
205,2024-08-17,Delivered,1778.48
46,2024-03-11,Delivered,12731.22
100,2025-06-09,Cancelled,116547.04
153,2023-07-16,Pending,109762.78
363,2023-11-14,Shipped,83334.28
329,2023-07-14,Pending,16910.72
13,2025-05-07,Shipped,60796.15
259,2023-02-13,Delivered,144955.99
246,2024-07-09,Delivered,32889.56
67,2023-02-14,Delivered,104424.51
284,2024-11-20,Cancelled,127652.81
416,2025-03-29,Delivered,90807.76
368,2024-05-02,Cancelled,90639.31
286,2023-06-30,Delivered,126772.8
274,2023-11-11,Pending,90962.16
177,2023-06-06,Pending,7058.71
274,2023-11-24,Cancelled,83797.82
428,2024-01-07,Shipped,49469.24
490,2025-03-02,Delivered,109060.03
152,2023-02-03,Delivered,51605.2
102,2024-10-12,Shipped,26494.69
48,2024-05-01,Delivered,130154.8
279,2024-01-24,Delivered,96300.77
473,2024-01-22,Shipped,137789.05
399,2023-12-27,Pending,39406.96
51,2023-01-05,Delivered,47148.57
122,2024-08-30,Pending,99684.53
149,2023-10-10,Delivered,19513.45
342,2025-05-11,Pending,145517.2
339,2025-03-13,Delivered,141831.12
281,2024-06-04,Delivered,21533.06
211,2024-06-20,Delivered,39913.77
223,2025-01-30,Delivered,125676.92
177,2023-01-31,Delivered,34424.37
334,2023-03-09,Delivered,45367.18
400,2024-06-03,Cancelled,19203.56
416,2025-03-21,Pending,53385.9
490,2023-05-13,Cancelled,139063.37
182,2025-03-05,Delivered,146578.28
34,2023-01-16,Delivered,108701.94
478,2023-01-16,Delivered,96555.01
391,2024-04-14,Delivered,107791.09
111,2025-01-15,Pending,33180.58
328,2024-03-17,Shipped,19012.01
441,2025-04-07,Delivered,43418.58
312,2023-01-22,Delivered,108403.54
17,2023-11-05,Pending,5079.58
128,2024-08-06,Delivered,55837.27
389,2024-05-25,Delivered,42777.63
179,2024-12-15,Delivered,103769.13
17,2025-03-17,Shipped,123552.82
275,2025-05-11,Shipped,62351.78
347,2023-09-28,Shipped,38257.63
431,2023-03-23,Delivered,61985.64
134,2024-09-12,Shipped,215.63
89,2025-02-27,Cancelled,105413.2
119,2023-06-27,Cancelled,131585.15
365,2025-05-11,Pending,79378.93
114,2023-11-03,Shipped,59133.36
206,2023-06-15,Delivered,56305.37
85,2023-01-07,Shipped,69655.59
143,2025-01-23,Delivered,94549.52
375,2024-10-08,Shipped,85104.7
354,2024-09-23,Pending,59960.88
343,2024-08-24,Shipped,143572.13
109,2024-05-27,Pending,103208.93
170,2025-03-02,Delivered,47569.86
111,2024-12-21,Pending,33730.67
322,2025-02-16,Shipped,148274.25
81,2023-09-08,Delivered,143907.0
118,2023-12-16,Pending,9117.47
29,2023-03-30,Delivered,57087.0
374,2023-09-26,Delivered,75945.31
490,2023-07-06,Delivered,148875.62
220,2024-09-02,Delivered,65295.95
142,2025-01-24,Cancelled,93521.34
74,2024-05-07,Delivered,103726.65
70,2024-05-10,Cancelled,69718.81
233,2024-12-04,Delivered,89623.31
154,2024-07-02,Delivered,69704.64
51,2024-05-10,Pending,138059.32
346,2024-04-10,Shipped,51947.12
6,2024-01-26,Delivered,141999.15
425,2023-03-03,Delivered,19132.62
402,2023-05-05,Cancelled,82260.09
488,2024-07-07,Cancelled,148654.37
1,2023-04-26,Pending,111760.64
69,2023-08-14,Delivered,38225.25
178,2024-12-23,Cancelled,143734.85
393,2023-07-25,Pending,33112.96
309,2023-07-31,Shipped,113052.11
95,2024-04-17,Shipped,52996.43
188,2023-12-22,Cancelled,50779.34
150,2023-01-18,Delivered,15880.28
298,2023-02-12,Delivered,140411.34
110,2025-03-28,Delivered,137134.57
145,2025-03-01,Delivered,55444.7
96,2024-12-25,Delivered,50274.58
155,2025-03-17,Delivered,97319.67
8,2024-04-25,Pending,80483.75
47,2023-12-06,Pending,140189.28
488,2024-03-10,Delivered,138563.45
354,2024-12-22,Pending,56025.45
188,2024-08-26,Shipped,40582.99
164,2025-01-31,Delivered,140277.64
136,2024-02-04,Shipped,124215.37
341,2023-11-13,Delivered,144214.16
41,2023-03-31,Delivered,10993.9
42,2024-11-28,Shipped,51740.18
442,2023-11-25,Cancelled,128759.87
28,2025-05-07,Pending,37825.84
288,2024-02-11,Shipped,97728.99
446,2023-12-16,Shipped,56680.56
255,2025-01-22,Delivered,25585.64
364,2024-08-16,Delivered,100560.42
337,2023-03-05,Shipped,45918.28
182,2024-04-25,Pending,20705.35
334,2023-12-29,Delivered,37236.8
475,2023-09-02,Pending,38147.7
478,2023-04-26,Delivered,12769.64
287,2023-06-30,Pending,88834.74
99,2023-11-21,Delivered,54103.01
316,2025-05-08,Cancelled,116540.84
110,2024-03-14,Delivered,68155.58
214,2025-06-03,Delivered,67057.58
117,2025-02-09,Shipped,5804.72
112,2025-06-14,Shipped,70167.52
378,2023-07-30,Pending,105578.21
20,2023-06-28,Pending,29844.61
442,2025-05-18,Delivered,10787.18
87,2023-01-17,Shipped,18674.44
36,2023-03-22,Pending,129073.6
138,2025-03-27,Delivered,55840.25
192,2023-06-28,Delivered,90008.73
220,2023-07-04,Delivered,76983.63
165,2023-03-20,Delivered,103411.02
338,2025-04-20,Shipped,6596.98
111,2024-11-18,Shipped,77380.38
162,2025-02-05,Delivered,91911.22
57,2023-10-04,Delivered,62564.67
109,2023-05-07,Pending,72175.37
62,2025-03-22,Delivered,30421.93
88,2024-10-03,Delivered,11795.98
466,2025-05-26,Shipped,117541.71
107,2025-05-03,Delivered,139382.09
10,2024-11-24,Delivered,101813.98
233,2024-09-26,Shipped,86688.4
130,2024-06-15,Delivered,84031.95
384,2024-04-20,Delivered,140087.35
386,2024-05-04,Delivered,118977.08
312,2025-06-07,Pending,20444.88
445,2024-10-19,Pending,90421.06
453,2025-06-14,Delivered,78611.19
215,2025-02-17,Delivered,119894.52
145,2024-01-30,Shipped,54314.77
464,2024-09-04,Pending,90126.81
386,2024-06-05,Delivered,54313.54
487,2023-06-08,Delivered,72453.76
292,2025-05-22,Delivered,25418.01
191,2024-11-20,Shipped,100274.46
143,2023-08-16,Delivered,89041.06
375,2025-04-05,Delivered,85929.69
244,2023-10-12,Delivered,69010.37
443,2023-06-27,Shipped,93441.22
385,2023-01-30,Delivered,42204.37
436,2024-01-09,Pending,140509.89
386,2023-05-11,Delivered,40970.17
47,2023-05-23,Delivered,77064.42
294,2024-09-12,Shipped,55928.1
80,2025-04-27,Pending,76868.58
247,2023-04-18,Delivered,65194.6
341,2024-06-01,Cancelled,59961.61
300,2025-06-17,Delivered,73053.7
2,2024-09-19,Pending,86836.82
301,2024-09-02,Delivered,51843.18
53,2024-12-07,Delivered,96554.33
62,2025-03-20,Shipped,36754.91
146,2024-07-30,Shipped,34474.53
245,2025-03-19,Pending,32921.08
420,2024-11-16,Delivered,38449.93
437,2025-01-07,Pending,31113.67
45,2023-03-27,Delivered,80022.77
353,2024-09-30,Pending,85443.49
457,2023-11-02,Delivered,12694.07
36,2025-04-28,Shipped,73333.58
119,2025-04-27,Delivered,11901.37
205,2023-09-10,Delivered,71085.33
443,2024-07-27,Delivered,49667.46
222,2024-08-26,Delivered,109902.6
230,2023-05-20,Delivered,21432.21
238,2024-05-08,Shipped,56190.91
195,2023-12-26,Pending,77321.82
110,2024-05-17,Delivered,80208.68
227,2024-11-25,Delivered,79813.99
346,2023-08-12,Cancelled,66359.18
443,2024-10-03,Delivered,2966.36
116,2023-03-19,Shipped,97284.43
88,2023-05-24,Delivered,47104.04
333,2025-05-09,Cancelled,98824.3
357,2023-03-07,Delivered,85955.22
246,2023-02-02,Delivered,62039.41
207,2025-04-06,Delivered,20295.27
459,2023-11-19,Delivered,29402.08
187,2023-05-06,Shipped,44501.74
190,2024-10-01,Delivered,138696.76
347,2025-01-28,Shipped,149948.55
38,2025-04-23,Cancelled,87452.57
23,2024-06-19,Cancelled,111558.33
257,2025-04-19,Shipped,5614.9
414,2025-01-25,Pending,28081.71
441,2023-10-22,Cancelled,56618.98
19,2023-07-17,Delivered,85844.87
292,2024-08-16,Delivered,59577.92
104,2024-09-04,Delivered,74892.19
79,2023-08-10,Shipped,116986.88
170,2023-05-01,Delivered,16670.99
365,2024-09-06,Delivered,149823.42
497,2023-05-29,Pending,79345.76
201,2023-08-23,Delivered,38249.93
470,2025-01-08,Pending,21594.0
132,2023-10-13,Shipped,121277.98
196,2024-03-29,Delivered,128303.65
50,2024-06-12,Delivered,95660.78
370,2025-04-09,Pending,55624.93
331,2025-04-11,Pending,1848.22
407,2024-12-06,Pending,77020.03
176,2024-06-17,Delivered,126680.59
400,2024-01-24,Delivered,126718.82
446,2023-08-23,Delivered,10271.6
296,2024-12-28,Shipped,135244.27
391,2023-04-21,Delivered,81924.85
206,2023-02-07,Shipped,140539.37
455,2023-09-21,Pending,11868.05
337,2023-02-25,Shipped,79887.33
315,2025-06-04,Delivered,16020.61
259,2023-04-11,Cancelled,69465.44
80,2025-01-30,Pending,144770.34
352,2023-04-15,Shipped,76499.9
453,2025-05-11,Delivered,32129.47
427,2024-08-26,Delivered,103859.74
177,2024-10-19,Delivered,87934.05
456,2025-03-01,Delivered,94480.29
308,2023-01-15,Shipped,6159.1
449,2023-08-23,Shipped,67250.26
112,2024-08-26,Delivered,123610.72
361,2024-04-01,Shipped,74874.54
173,2023-11-13,Delivered,67470.27
63,2023-01-01,Cancelled,7325.12
202,2023-09-17,Delivered,45148.76
372,2023-04-03,Cancelled,87270.98
37,2023-12-01,Delivered,85797.68
296,2025-05-15,Shipped,34273.43
221,2023-06-26,Shipped,87724.89
372,2025-04-03,Pending,4711.97
221,2024-04-03,Shipped,55785.27
275,2023-08-18,Delivered,37335.94
431,2024-08-17,Shipped,100164.3
456,2025-04-27,Pending,142415.88
1,2025-01-22,Pending,91420.11
311,2023-02-19,Cancelled,99484.82
94,2023-08-18,Delivered,145104.04
421,2024-09-01,Delivered,37621.68
227,2024-08-17,Delivered,38527.94
104,2024-04-03,Shipped,68641.93
414,2023-09-25,Shipped,127951.46
404,2024-09-08,Delivered,33154.96
250,2024-12-16,Delivered,21038.13
111,2024-08-15,Delivered,83970.12
445,2024-11-10,Cancelled,66045.46
151,2023-11-04,Delivered,53844.08
134,2023-06-28,Shipped,44766.12
152,2024-03-14,Delivered,29193.88
230,2025-06-07,Delivered,18539.95
91,2024-02-05,Pending,69355.55
236,2023-08-26,Pending,84420.27
299,2024-07-10,Delivered,91113.6
18,2023-04-20,Pending,73903.19
119,2024-08-30,Shipped,102927.88
360,2023-12-06,Delivered,59136.1
50,2023-05-04,Delivered,132655.11
105,2024-07-21,Shipped,94379.95
75,2024-07-21,Delivered,140140.87
111,2024-12-30,Cancelled,22697.1
95,2025-04-27,Delivered,144328.27
188,2023-12-13,Shipped,9902.03
272,2024-01-08,Delivered,60943.81
450,2025-06-15,Delivered,48766.36
197,2023-10-04,Delivered,13153.73
207,2024-10-21,Pending,92639.27
256,2025-05-16,Delivered,15890.11
182,2023-05-23,Shipped,140659.75
239,2023-12-23,Pending,27947.06
243,2024-01-28,Shipped,91498.86
476,2024-03-23,Shipped,72516.72
61,2025-05-29,Pending,99127.93
80,2024-05-19,Delivered,44329.32
409,2024-03-30,Delivered,17769.06
306,2023-11-13,Pending,147375.88
297,2023-01-07,Pending,56652.3
159,2024-09-02,Shipped,57720.89
276,2024-10-09,Pending,118375.37
220,2024-04-08,Shipped,19892.26
31,2025-03-17,Delivered,131584.56
20,2023-03-18,Pending,26392.2
205,2024-08-10,Pending,32953.44
461,2023-08-20,Delivered,99354.57
383,2023-10-12,Delivered,18294.95
131,2024-12-28,Pending,50508.51
343,2023-05-22,Delivered,90864.67
4,2024-04-02,Delivered,101673.07
93,2024-04-12,Pending,8271.83
138,2025-04-04,Shipped,11689.65
398,2025-03-11,Delivered,58880.05
384,2023-12-24,Delivered,4266.84
155,2023-09-12,Delivered,58445.33
30,2023-02-28,Cancelled,91045.86
421,2024-07-19,Delivered,126538.52
319,2023-11-18,Delivered,88824.23
475,2023-02-11,Shipped,45417.01
89,2025-02-22,Delivered,15335.3
355,2024-11-03,Delivered,41196.31
103,2024-11-30,Delivered,138086.62
249,2025-01-30,Delivered,141356.18
66,2024-07-26,Shipped,45576.28
167,2023-01-28,Delivered,101630.64
89,2024-07-02,Delivered,58463.87
59,2023-05-17,Shipped,79207.44
266,2024-08-08,Delivered,36708.17
206,2025-05-08,Pending,43657.87
382,2025-05-08,Delivered,90195.26
310,2024-09-16,Delivered,76242.48
488,2024-03-05,Pending,119793.42
406,2023-11-11,Shipped,125172.54
59,2024-10-31,Shipped,76217.71
5,2023-11-21,Cancelled,109433.08
129,2024-02-22,Shipped,32595.0
396,2024-10-26,Delivered,64469.92
486,2024-12-28,Cancelled,72899.39
125,2024-10-19,Delivered,75341.21
406,2025-04-25,Shipped,22801.08
464,2025-05-07,Delivered,118695.31
353,2023-10-19,Delivered,117248.57
449,2025-06-11,Shipped,87755.38
341,2023-09-26,Cancelled,114660.0
282,2025-04-20,Delivered,119475.68
204,2023-09-10,Delivered,12548.07
435,2023-07-24,Delivered,21821.35
118,2025-01-01,Delivered,122536.18
482,2023-03-13,Delivered,31046.75
191,2023-12-31,Delivered,13239.89
88,2023-12-03,Shipped,111834.19
229,2023-12-17,Shipped,102869.39
440,2023-09-13,Delivered,57569.06
141,2025-05-12,Delivered,20078.23
34,2025-01-21,Delivered,21303.46
360,2023-11-23,Delivered,113744.65
177,2025-06-02,Cancelled,9283.97
40,2023-06-07,Delivered,36131.67
22,2023-10-02,Delivered,133484.85
211,2023-06-18,Delivered,121391.61
443,2024-08-07,Shipped,104901.23
339,2024-10-22,Shipped,11261.46
415,2023-04-12,Shipped,66713.8
229,2025-06-09,Delivered,86300.4
374,2024-08-23,Cancelled,97804.74
9,2024-10-18,Cancelled,57936.78
199,2023-01-26,Shipped,127815.35
192,2024-12-24,Pending,64516.62
108,2023-09-29,Delivered,2398.33
411,2023-11-14,Cancelled,93036.83
205,2024-02-05,Pending,29948.69
324,2024-05-08,Pending,65395.55
458,2024-03-24,Delivered,80843.14
178,2024-01-09,Delivered,108256.96
77,2023-02-04,Cancelled,112055.62
166,2025-05-05,Delivered,36041.17
57,2025-03-28,Shipped,52875.56
35,2023-02-09,Delivered,134160.76
432,2023-10-02,Cancelled,39255.84
61,2024-04-03,Delivered,126254.2
154,2023-08-06,Delivered,1696.67
68,2024-12-16,Delivered,99382.11
438,2023-12-21,Delivered,16702.05
28,2024-05-07,Pending,27664.86
352,2023-10-15,Delivered,82193.46
27,2023-04-09,Delivered,47388.68
285,2023-06-22,Delivered,127669.0
152,2024-12-06,Shipped,109079.88
50,2023-09-26,Delivered,86474.72
374,2023-02-01,Shipped,75385.84
27,2025-04-01,Delivered,145620.58
43,2024-01-05,Delivered,6894.5
126,2023-04-06,Delivered,80416.68
176,2025-03-13,Delivered,72088.09
154,2023-04-08,Delivered,69518.48
419,2025-04-03,Delivered,35724.99
346,2023-08-15,Delivered,28353.67
280,2023-01-11,Shipped,33981.93
91,2024-12-20,Delivered,72565.55
439,2024-09-27,Delivered,99381.89
14,2024-10-25,Delivered,18255.49
420,2023-12-24,Delivered,133725.21
388,2023-07-21,Shipped,64910.63
366,2025-01-31,Shipped,758.15
490,2024-01-15,Pending,123841.78
92,2025-01-16,Delivered,99226.82
188,2025-02-10,Shipped,86990.84
341,2023-01-06,Shipped,8244.99
100,2024-08-29,Delivered,51837.81
288,2024-10-26,Delivered,15282.35
100,2024-02-11,Delivered,71510.08
259,2025-04-05,Shipped,74307.04
133,2024-03-02,Cancelled,82081.17
347,2025-05-21,Shipped,32198.81
449,2023-08-18,Shipped,91582.0
221,2023-02-19,Delivered,60420.23
496,2024-03-27,Pending,19126.47
119,2024-03-01,Delivered,102412.63
262,2025-05-30,Shipped,133563.22
452,2024-03-23,Cancelled,138969.48
443,2024-12-30,Delivered,20814.11
450,2023-05-29,Cancelled,119932.72
436,2024-07-02,Delivered,70220.35
268,2024-12-07,Shipped,130396.61
412,2023-06-27,Delivered,44670.98
309,2023-03-04,Delivered,144162.33
471,2024-02-20,Delivered,111881.74
363,2024-03-24,Delivered,94317.87
250,2023-05-02,Cancelled,26406.98
36,2024-08-30,Delivered,21844.71
474,2023-09-17,Cancelled,35849.62
481,2024-10-29,Cancelled,107655.59
211,2023-09-10,Cancelled,130468.8
480,2025-06-18,Delivered,146195.24
227,2024-08-08,Delivered,28202.62
64,2023-03-17,Delivered,118918.54
208,2023-11-21,Shipped,452.78
170,2023-08-19,Pending,47316.36
10,2023-10-29,Shipped,74450.99
190,2023-06-30,Cancelled,74875.66
94,2024-07-23,Shipped,58106.04
418,2023-03-30,Shipped,140083.84
254,2023-03-20,Pending,78213.29
135,2024-06-23,Cancelled,42543.15
445,2024-06-14,Delivered,123401.8
494,2024-03-03,Delivered,141081.92
103,2023-04-15,Pending,113034.38
291,2025-04-05,Pending,76720.43
120,2023-12-28,Shipped,143012.19
498,2024-11-01,Delivered,25904.4
120,2025-02-07,Delivered,72515.8
466,2023-11-23,Pending,40336.95
58,2024-02-16,Delivered,137221.5
322,2024-11-19,Delivered,58144.61
53,2023-07-31,Delivered,103268.74
280,2025-03-26,Shipped,95259.07
287,2023-08-01,Delivered,118819.84
81,2023-04-30,Delivered,31810.09
136,2024-10-13,Shipped,93058.29
27,2024-05-10,Delivered,49350.1
495,2023-06-08,Delivered,97928.0
77,2024-08-08,Shipped,118724.8
291,2024-03-20,Delivered,13297.47
342,2024-05-14,Delivered,118245.58
349,2023-06-03,Shipped,44307.81
269,2024-07-13,Cancelled,82994.97
124,2024-09-26,Cancelled,7048.58
355,2023-07-22,Delivered,4548.41
128,2023-02-18,Delivered,125164.71
424,2023-04-17,Delivered,30422.87
446,2024-09-14,Delivered,147318.59
33,2023-03-31,Pending,66860.14
429,2024-09-21,Delivered,41097.02
250,2025-03-03,Shipped,142145.73
200,2024-07-15,Shipped,91964.93
227,2023-11-16,Delivered,9272.61
461,2024-07-28,Shipped,61104.84
430,2023-04-02,Delivered,93969.21
431,2024-07-11,Delivered,30678.74
5,2024-07-10,Delivered,92323.01
499,2023-08-17,Delivered,79844.73
289,2024-08-09,Shipped,53806.88
244,2023-04-30,Delivered,20580.23
6,2023-05-29,Delivered,122978.58
39,2025-04-03,Delivered,56761.01
192,2024-12-19,Delivered,79929.96
147,2024-01-02,Cancelled,100067.82
104,2024-04-06,Delivered,6487.02
205,2023-11-01,Shipped,10958.53
324,2023-05-25,Delivered,27373.15
386,2023-01-21,Delivered,94404.88
41,2023-10-26,Delivered,105306.53
53,2024-11-12,Shipped,108655.2
417,2023-04-09,Delivered,105142.3
198,2024-09-11,Delivered,54020.89
182,2025-05-01,Shipped,76841.49
181,2024-11-22,Delivered,107802.41
449,2025-04-18,Shipped,26132.87
221,2023-06-14,Delivered,113555.71
366,2024-03-21,Delivered,118822.14
478,2025-02-09,Pending,107118.62
443,2024-10-21,Shipped,62377.68
50,2023-02-11,Delivered,46832.35
424,2023-09-17,Delivered,33030.87
335,2024-04-15,Shipped,14012.73
88,2023-02-08,Pending,27769.81
297,2024-07-26,Pending,138903.85
37,2023-03-08,Cancelled,119700.42
294,2023-01-12,Cancelled,98601.64
314,2024-12-02,Delivered,39362.56
11,2023-04-07,Delivered,135166.21
325,2024-10-15,Delivered,10338.08
236,2024-04-26,Cancelled,62495.51
162,2025-04-09,Delivered,30360.18
407,2024-11-29,Cancelled,26885.97
244,2024-12-14,Delivered,102979.11
350,2023-02-11,Delivered,123768.34
318,2023-12-23,Delivered,147760.03
133,2024-06-21,Delivered,128609.59
326,2024-01-07,Delivered,32017.1
63,2024-11-02,Cancelled,35477.15
356,2024-07-26,Delivered,66065.86
339,2023-01-08,Delivered,11426.52
383,2025-02-23,Delivered,41266.63
232,2025-03-20,Delivered,146625.82
474,2023-03-08,Shipped,42263.36
11,2023-06-29,Delivered,78501.35
394,2024-03-29,Delivered,22529.84
232,2023-07-25,Delivered,45544.92
299,2023-09-28,Shipped,113130.77
27,2025-06-03,Cancelled,98663.88
367,2025-05-15,Delivered,62693.27
259,2023-11-30,Delivered,135938.32
452,2023-03-12,Delivered,72998.18
97,2023-03-28,Delivered,66266.51
200,2024-04-30,Shipped,99056.04
239,2025-02-15,Pending,36586.12
187,2024-07-03,Delivered,149070.48
224,2024-04-28,Delivered,337.5
30,2024-09-20,Cancelled,40427.33
281,2023-04-27,Cancelled,95380.22
88,2024-10-15,Cancelled,75708.86
458,2023-01-15,Cancelled,80618.0
442,2024-06-02,Delivered,15154.65
43,2024-06-11,Shipped,126093.71
48,2024-08-29,Delivered,47205.13
349,2025-05-23,Delivered,51890.78
398,2024-06-15,Delivered,47344.06
367,2025-01-14,Cancelled,114495.93
146,2023-03-10,Delivered,3010.58
481,2024-06-23,Shipped,133000.8
376,2025-04-02,Delivered,115215.87
192,2023-03-07,Pending,128974.13
371,2024-01-31,Pending,117747.46
279,2024-09-14,Cancelled,24118.08
5,2024-10-24,Delivered,109619.65
486,2024-10-29,Delivered,140353.47
215,2025-06-12,Pending,137220.16
160,2025-01-14,Shipped,115567.79
409,2023-11-28,Cancelled,22926.86
11,2025-03-31,Delivered,75141.87
404,2024-10-24,Delivered,133095.2
137,2023-07-26,Cancelled,120402.63
284,2024-03-11,Shipped,125667.67
409,2023-07-05,Cancelled,102660.32
262,2024-09-21,Shipped,84626.51
226,2024-05-05,Cancelled,49415.62
270,2023-01-04,Delivered,140517.44
235,2024-02-11,Pending,147798.7
274,2023-03-03,Pending,74367.53
363,2023-08-28,Delivered,60474.46
22,2024-06-13,Delivered,18499.3
130,2023-08-22,Delivered,128501.37
450,2023-06-11,Delivered,126740.12
198,2024-01-22,Delivered,94797.61
159,2024-01-06,Shipped,120237.69
402,2024-06-19,Shipped,42763.92
499,2024-04-01,Delivered,59963.11
356,2023-12-08,Delivered,129749.5
34,2025-03-01,Delivered,41952.5
180,2023-02-13,Delivered,89545.12
163,2023-11-23,Delivered,43936.57
156,2024-08-19,Delivered,34627.9
189,2023-05-05,Pending,129693.54
114,2025-03-07,Pending,59743.64
465,2025-02-17,Delivered,56647.68
143,2024-01-18,Pending,135791.61
245,2023-08-30,Shipped,145284.77
1,2024-09-20,Cancelled,125217.03
498,2025-04-19,Delivered,26950.92
261,2023-04-25,Cancelled,30427.95
429,2024-07-04,Delivered,85850.19
341,2023-11-12,Cancelled,86418.74
445,2023-01-13,Cancelled,100544.45
291,2025-01-18,Cancelled,30488.24
355,2024-12-12,Delivered,116808.74
105,2024-09-06,Shipped,63748.6
47,2025-06-11,Cancelled,11262.12
350,2023-04-23,Delivered,64313.19
483,2023-06-09,Delivered,56792.03
139,2023-10-03,Cancelled,131149.48
56,2025-01-01,Pending,116965.75
405,2024-07-13,Pending,104204.75
83,2025-03-15,Cancelled,103455.09
206,2024-09-24,Delivered,74567.09
79,2024-07-14,Delivered,116016.45
60,2023-07-23,Delivered,77866.58
310,2024-06-16,Delivered,148699.28
297,2024-11-14,Delivered,69327.53
437,2024-03-26,Pending,31374.69
383,2023-02-16,Delivered,26342.78
299,2024-10-06,Shipped,50007.02
343,2024-05-22,Delivered,92713.2
149,2023-07-29,Shipped,23708.21
56,2023-08-29,Cancelled,51424.09
201,2024-08-13,Shipped,128962.73
63,2023-03-15,Delivered,20223.28
393,2023-10-29,Cancelled,95402.02
70,2024-06-16,Shipped,141314.34
140,2024-05-16,Pending,96784.41
130,2023-01-10,Cancelled,100811.63
483,2023-06-10,Delivered,143842.36
154,2023-01-20,Shipped,76607.58
474,2023-04-20,Shipped,136476.6
75,2024-03-31,Shipped,80208.43
9,2024-01-29,Delivered,115926.55
396,2024-12-09,Delivered,118441.67
291,2023-02-04,Cancelled,124384.56
149,2025-01-14,Shipped,13057.64
442,2023-11-23,Pending,20018.32
319,2025-01-02,Delivered,76118.83
176,2025-04-14,Shipped,25479.4
308,2024-08-26,Delivered,39181.37
288,2024-06-21,Shipped,53220.37
494,2023-06-24,Delivered,56581.95
292,2023-10-25,Delivered,58790.63
424,2024-10-25,Delivered,116652.64
33,2025-03-22,Delivered,55106.87
302,2023-03-31,Pending,62839.49
263,2023-06-10,Delivered,47186.18
16,2023-10-08,Pending,110442.49
424,2024-06-14,Delivered,65866.39
183,2024-06-06,Delivered,62036.34
342,2024-10-12,Delivered,109167.58
427,2024-03-25,Delivered,55324.54
214,2023-06-05,Delivered,66762.23
48,2024-09-11,Pending,120037.85
225,2024-04-06,Pending,106551.94
292,2024-01-17,Delivered,10758.96
361,2023-09-06,Shipped,85521.67
257,2025-03-29,Delivered,137454.44
187,2024-03-26,Delivered,110261.73
160,2025-04-30,Delivered,112299.87
177,2024-04-26,Delivered,143365.51
273,2024-10-05,Delivered,78471.97
408,2025-05-16,Pending,98563.92
222,2023-12-23,Pending,131177.15
403,2024-11-01,Shipped,72150.56
435,2024-12-22,Delivered,107800.37
112,2024-02-25,Pending,18468.27
326,2023-08-20,Delivered,77863.81
359,2024-03-16,Delivered,50736.0
384,2025-06-17,Delivered,38705.02
11,2024-02-10,Cancelled,127294.44
229,2025-02-01,Delivered,73007.2
353,2023-05-19,Delivered,49777.25
26,2025-03-13,Delivered,85387.18
127,2023-02-26,Shipped,59300.53
110,2024-08-05,Shipped,22425.41
433,2023-11-02,Delivered,149675.21
60,2023-05-20,Delivered,109335.34
304,2024-05-28,Pending,97749.42
217,2024-11-18,Cancelled,94006.49
61,2023-04-29,Pending,37088.32
344,2024-12-14,Shipped,76411.65
123,2023-05-08,Shipped,71533.36
234,2024-10-17,Delivered,16358.52
30,2023-10-09,Delivered,32309.92
171,2024-08-24,Pending,96630.52
492,2024-07-29,Delivered,135217.76
168,2023-11-27,Delivered,54607.81
423,2024-05-01,Delivered,60916.82
148,2025-03-06,Delivered,39242.12
80,2024-10-01,Delivered,40893.05
207,2023-10-15,Shipped,117162.66
55,2024-03-31,Delivered,147453.19
360,2023-06-12,Delivered,25130.11
385,2024-07-12,Delivered,123665.77
64,2023-06-02,Delivered,100612.0
136,2024-03-18,Delivered,98228.09
386,2024-11-18,Delivered,93244.47
264,2024-12-27,Delivered,25814.29
374,2024-02-27,Shipped,110533.36
443,2023-07-25,Delivered,21988.25
29,2024-09-02,Delivered,118252.6
255,2023-10-03,Delivered,108262.4
267,2023-03-18,Shipped,138367.95
413,2024-12-07,Delivered,123913.28
298,2024-07-28,Delivered,51757.44
76,2025-03-13,Delivered,25352.85
29,2025-01-11,Delivered,47085.07
377,2023-10-05,Shipped,26603.15
234,2024-06-16,Shipped,56903.8
169,2025-01-08,Delivered,59911.25
136,2023-04-06,Delivered,4522.79
47,2025-01-30,Delivered,47684.91
167,2024-06-14,Delivered,56223.57
159,2023-09-17,Delivered,16078.28
53,2023-08-09,Pending,25992.64
136,2024-09-27,Delivered,133659.53
242,2023-08-25,Delivered,115978.06
266,2025-05-21,Delivered,47590.28
298,2024-01-14,Delivered,33554.21
161,2024-08-21,Delivered,98463.15
149,2023-09-29,Pending,69976.77
220,2023-02-05,Delivered,53569.32
227,2023-08-12,Delivered,44851.1
247,2023-02-05,Delivered,29087.82
241,2025-05-02,Pending,64781.15
491,2023-02-22,Delivered,141759.33
71,2024-01-13,Pending,39473.38
197,2023-05-26,Pending,71742.89
374,2023-01-21,Delivered,1746.6
469,2024-12-04,Pending,6428.93
179,2024-04-06,Delivered,146974.66
404,2024-04-02,Delivered,65924.4
377,2023-08-09,Delivered,138387.53
313,2024-04-11,Pending,105117.78
353,2023-04-26,Delivered,39305.81
272,2024-08-27,Delivered,60870.77
235,2023-01-15,Cancelled,57064.04
15,2023-08-06,Pending,54842.24
91,2025-01-29,Delivered,136052.64
219,2023-08-22,Delivered,84520.54
486,2023-01-04,Delivered,129479.12
457,2025-04-02,Pending,79243.8
101,2023-08-13,Delivered,96050.26
150,2024-11-06,Delivered,113712.56
443,2023-06-23,Delivered,26916.63
422,2025-05-31,Pending,100270.89
8,2023-06-25,Delivered,81893.87
170,2024-03-05,Delivered,109413.73
156,2025-04-08,Shipped,78080.74
39,2024-08-22,Shipped,58312.59
383,2023-04-03,Pending,109888.56
339,2025-02-11,Delivered,143991.35
499,2023-08-18,Delivered,99715.08
435,2025-05-28,Pending,72389.16
464,2025-03-15,Pending,54083.39
164,2023-09-18,Shipped,63163.96
195,2025-04-14,Shipped,142854.2
460,2025-04-29,Shipped,100235.06
378,2025-04-08,Shipped,75535.36
171,2025-04-12,Delivered,104507.95
465,2024-05-14,Delivered,54534.5
444,2023-10-19,Shipped,89308.04
52,2025-05-14,Cancelled,95722.24
84,2025-02-13,Cancelled,69534.03
254,2024-05-07,Delivered,138044.51
346,2024-04-01,Delivered,80160.29
373,2023-05-31,Delivered,105372.45
85,2023-03-02,Delivered,125879.19
301,2024-09-30,Delivered,39965.94
95,2024-09-07,Pending,86809.56
313,2025-04-05,Delivered,96785.97
89,2023-12-25,Pending,80585.86
206,2024-05-10,Delivered,20936.75
353,2024-08-18,Shipped,41400.56
135,2024-11-23,Shipped,1912.19
401,2023-06-03,Delivered,72933.13
287,2025-03-24,Shipped,106228.68
267,2023-05-11,Delivered,135515.1
195,2025-06-03,Delivered,4111.14
49,2025-06-15,Delivered,118178.91
165,2023-01-27,Delivered,93882.91
113,2025-01-10,Shipped,30205.73
304,2025-03-14,Delivered,71095.18
252,2023-04-16,Shipped,134943.16
183,2024-02-05,Delivered,12449.82
38,2024-01-03,Delivered,1096.62
313,2025-01-25,Delivered,138440.93
208,2023-02-27,Shipped,28553.05
42,2024-04-30,Pending,14953.53
31,2024-05-31,Delivered,29341.83
418,2025-01-06,Delivered,100417.15
180,2023-03-13,Delivered,44322.24
283,2024-08-05,Shipped,149101.67
397,2024-04-30,Delivered,1990.58
441,2024-12-31,Shipped,28221.32
42,2024-01-10,Delivered,79036.56
206,2024-07-07,Shipped,104671.73
144,2023-07-17,Delivered,6841.83
202,2025-05-02,Delivered,22750.62
21,2023-09-28,Delivered,143357.53
404,2023-03-03,Delivered,28062.23
132,2024-02-16,Delivered,98339.82
55,2025-02-09,Cancelled,1413.23
273,2024-08-24,Shipped,73454.35
37,2023-03-24,Delivered,126320.66
438,2024-05-25,Delivered,46815.94
445,2023-08-06,Cancelled,58879.96
402,2024-10-27,Pending,67613.59
67,2024-11-18,Cancelled,113198.91
358,2023-05-06,Pending,123047.99
479,2024-08-15,Pending,37089.94
343,2024-02-05,Delivered,66065.49
389,2023-09-04,Pending,54424.23
333,2025-05-27,Pending,18085.59
420,2023-05-27,Shipped,108820.62
488,2023-12-13,Delivered,121789.71
236,2023-06-10,Delivered,15167.5
139,2023-07-02,Shipped,2880.12
221,2023-11-29,Pending,137082.29
283,2024-01-14,Delivered,59366.26
142,2024-03-24,Pending,2519.33
65,2023-06-02,Delivered,109016.46
116,2025-06-13,Delivered,25061.94
459,2025-01-07,Pending,125865.52
349,2023-12-27,Shipped,141937.26
326,2024-04-22,Pending,123186.37
355,2023-08-31,Delivered,67651.77
53,2024-08-28,Delivered,129279.41
338,2025-03-17,Delivered,81875.07
112,2023-09-02,Shipped,26562.09
38,2023-09-12,Delivered,44703.13
339,2025-06-13,Shipped,74729.82
202,2023-12-09,Delivered,60405.75
409,2024-04-24,Cancelled,27607.84
368,2024-05-02,Delivered,34847.55
17,2024-03-15,Cancelled,30656.88
445,2023-06-13,Delivered,6350.97
116,2023-04-23,Shipped,43029.06
252,2024-09-23,Delivered,91977.35
248,2024-10-29,Delivered,146525.85
57,2025-04-19,Delivered,32217.05
94,2024-05-30,Delivered,91259.45
285,2025-01-23,Delivered,74384.3
335,2023-09-18,Delivered,54392.33
129,2024-02-27,Delivered,38382.57
459,2024-06-18,Delivered,108791.32
153,2023-12-19,Delivered,141372.17
46,2023-10-27,Cancelled,68491.97
477,2023-02-13,Delivered,5021.05
493,2024-11-22,Shipped,72143.45
310,2024-01-05,Cancelled,23654.89
384,2023-09-06,Cancelled,101618.56
11,2023-08-08,Delivered,112061.48
374,2023-12-24,Pending,94889.7
89,2025-06-11,Shipped,50793.58
227,2024-01-12,Delivered,45084.42
457,2024-03-08,Pending,122454.59
395,2025-01-09,Delivered,98596.91
354,2024-08-27,Shipped,67353.79
230,2023-07-16,Pending,67491.95
255,2024-06-08,Shipped,131310.93
229,2023-10-02,Delivered,72741.11
338,2023-11-23,Delivered,109466.56
431,2024-01-25,Shipped,143223.14
237,2024-01-28,Shipped,36523.07
483,2024-09-20,Delivered,42403.6
143,2023-06-15,Pending,56115.26
52,2024-11-23,Shipped,30713.62
302,2025-03-14,Delivered,149845.93
262,2023-05-23,Shipped,112731.13
488,2023-05-30,Shipped,11093.1
195,2025-01-17,Pending,126479.58
250,2024-06-29,Shipped,141416.93
45,2023-07-15,Shipped,138776.04
14,2023-06-26,Pending,28769.16
242,2024-03-23,Delivered,83940.74
35,2024-05-21,Delivered,88378.08
254,2024-11-23,Delivered,111618.34
373,2024-03-26,Cancelled,125683.92
444,2023-12-29,Shipped,90474.75
156,2023-09-17,Shipped,77672.06
416,2025-03-18,Delivered,130854.78
340,2023-06-22,Pending,40605.85
9,2023-10-17,Shipped,52116.42
128,2024-09-30,Delivered,98243.54
492,2023-07-20,Shipped,133950.27
365,2025-01-24,Cancelled,11789.96
181,2025-04-13,Delivered,44422.25
85,2023-07-23,Shipped,96328.7
332,2024-11-26,Delivered,49764.97
66,2023-10-18,Pending,81702.28
338,2024-07-15,Shipped,42820.2
381,2024-08-06,Delivered,30528.79
164,2024-04-12,Delivered,64896.02
377,2023-10-11,Pending,56972.88
456,2023-08-05,Cancelled,130940.02
418,2024-12-28,Delivered,96769.59
85,2023-04-20,Delivered,85554.38
345,2023-04-19,Shipped,13486.61
188,2025-03-21,Shipped,31809.57
494,2023-07-02,Delivered,134822.57
437,2024-07-30,Pending,139378.42
74,2023-02-21,Cancelled,34239.33
488,2024-12-03,Delivered,42569.0
321,2023-05-12,Shipped,91819.77
108,2025-06-14,Shipped,38599.97
413,2023-03-14,Delivered,84311.49
141,2025-03-14,Delivered,146422.76
231,2024-04-09,Delivered,56758.13
7,2024-12-08,Cancelled,39487.15
233,2023-04-10,Shipped,29618.42
99,2023-04-13,Shipped,86566.83
2,2024-01-15,Shipped,143514.96
433,2024-06-21,Shipped,104378.28
90,2023-03-17,Delivered,147930.19
356,2023-05-01,Cancelled,47833.88
276,2023-12-15,Shipped,125396.46
160,2023-11-07,Delivered,26791.12
57,2023-05-10,Delivered,97375.19
103,2023-09-30,Pending,117532.83
172,2023-03-06,Delivered,54603.98
97,2023-06-15,Delivered,93995.63
133,2023-02-22,Pending,29605.58
135,2024-05-21,Pending,20649.82
259,2023-12-12,Cancelled,147972.25
173,2025-05-02,Shipped,94315.79
34,2024-10-27,Shipped,137422.32
443,2025-04-10,Delivered,76999.51
252,2023-10-23,Delivered,32702.03
82,2024-01-11,Shipped,45650.55
168,2024-02-18,Delivered,126777.03
213,2025-06-10,Delivered,49092.97
388,2024-04-17,Cancelled,80445.51
361,2023-03-05,Delivered,42808.67
371,2024-05-15,Shipped,43490.37
65,2023-12-07,Pending,55446.25
229,2025-06-08,Delivered,78781.62
404,2024-12-30,Delivered,36964.04
144,2024-11-17,Delivered,26941.45
324,2023-07-02,Delivered,111429.06
227,2024-11-06,Cancelled,140855.4
361,2024-12-03,Shipped,146290.92
302,2023-06-23,Pending,41253.06
411,2024-08-05,Shipped,8271.31
139,2024-11-17,Delivered,67242.79
421,2025-04-21,Shipped,113203.25
414,2025-06-03,Delivered,17139.9
354,2024-12-10,Delivered,87852.4
418,2024-12-25,Delivered,118829.96
313,2024-12-26,Cancelled,111444.2
492,2025-02-22,Cancelled,69916.9
107,2023-08-01,Delivered,138102.3
166,2024-01-30,Cancelled,80538.53
343,2024-03-04,Cancelled,140538.49
39,2023-07-02,Delivered,42448.31
55,2023-10-08,Delivered,105741.2
41,2023-05-12,Delivered,62272.7
85,2023-01-26,Cancelled,112534.58
478,2024-04-05,Delivered,25852.73
337,2025-03-03,Delivered,91126.54
434,2023-05-12,Cancelled,85509.04
361,2024-01-10,Delivered,58947.84
435,2024-12-28,Delivered,149595.71
131,2025-04-07,Pending,43468.66
452,2023-12-26,Delivered,53652.49
139,2024-07-12,Shipped,81416.95
100,2023-09-16,Delivered,125973.61
408,2023-04-24,Delivered,96812.78
11,2025-04-14,Shipped,82848.1
482,2023-04-18,Delivered,142986.5
107,2023-02-01,Shipped,88654.49
488,2023-12-25,Delivered,29859.04
1,2024-04-22,Shipped,113339.67
412,2025-05-12,Shipped,79715.24
208,2023-10-25,Delivered,15577.32
131,2023-01-18,Delivered,19428.41
313,2025-05-11,Shipped,118301.52
79,2023-10-23,Delivered,58302.33
478,2023-07-30,Delivered,17562.18
177,2024-07-09,Delivered,91652.7
65,2023-10-26,Shipped,53310.75
282,2025-06-19,Delivered,33601.62
28,2024-04-26,Delivered,54745.52
17,2024-09-08,Delivered,100765.68
170,2023-01-03,Shipped,7370.88
59,2023-10-11,Delivered,141968.32
409,2024-01-31,Cancelled,119698.33
491,2023-12-18,Shipped,126638.72
371,2024-10-17,Cancelled,112908.19
251,2023-05-09,Delivered,7054.48
269,2023-12-13,Delivered,12876.96
132,2023-09-23,Delivered,149848.58
496,2024-08-15,Shipped,13635.16
85,2023-04-05,Shipped,65808.45
143,2023-11-25,Shipped,123862.34
40,2024-08-10,Delivered,82376.62
106,2023-12-14,Cancelled,67673.83
391,2024-08-22,Cancelled,110827.03
413,2023-02-25,Delivered,46967.01
291,2024-12-26,Delivered,32258.22
341,2024-02-28,Delivered,2116.27
192,2023-09-03,Delivered,22737.73
379,2024-08-08,Cancelled,102218.85
445,2023-08-13,Shipped,108127.91
99,2024-03-15,Delivered,13513.22
303,2024-05-11,Delivered,21207.16
148,2023-08-19,Shipped,111392.25
346,2024-12-31,Cancelled,17373.93
471,2025-03-12,Pending,129317.05
238,2023-09-25,Pending,65022.06
204,2024-02-18,Pending,39589.75
316,2023-02-05,Shipped,21936.22
67,2023-06-02,Shipped,92590.12
187,2025-01-15,Delivered,90552.03
264,2023-03-31,Cancelled,35207.55
107,2023-12-17,Pending,24580.69
220,2023-07-07,Cancelled,144083.33
378,2025-01-10,Pending,12792.25
277,2025-02-06,Shipped,42999.25
211,2023-07-25,Shipped,126154.49
447,2024-02-05,Delivered,26866.48
13,2023-07-11,Cancelled,90023.43
348,2023-09-17,Cancelled,14399.83
315,2023-01-05,Shipped,121682.99
281,2023-11-11,Pending,136182.02
356,2023-04-21,Delivered,140406.28
286,2024-08-02,Shipped,8816.32
88,2024-02-08,Delivered,86985.0
275,2024-09-22,Pending,94692.23
327,2024-12-23,Delivered,136199.15
316,2024-05-07,Shipped,138263.18
482,2025-03-21,Shipped,20452.62
417,2024-02-01,Delivered,108589.39
253,2024-12-13,Cancelled,49123.95
277,2024-10-22,Shipped,126656.78
337,2024-11-11,Delivered,30945.41
337,2023-09-04,Pending,126392.4
143,2025-01-19,Delivered,34578.99
387,2024-05-01,Delivered,16306.42
264,2023-07-27,Delivered,51776.69
464,2023-06-19,Cancelled,84978.3
136,2025-05-28,Delivered,84997.02
272,2023-10-22,Shipped,51407.55
92,2023-07-07,Delivered,115517.48
160,2024-06-17,Cancelled,21238.82
427,2025-01-19,Delivered,27414.38
106,2024-01-28,Shipped,100148.23
476,2025-03-22,Delivered,52605.34
88,2023-04-07,Delivered,115030.77
114,2023-08-23,Shipped,13569.5
19,2023-11-09,Shipped,33614.22
77,2024-10-22,Delivered,104295.72
306,2023-12-30,Shipped,83301.31
268,2023-04-27,Shipped,101201.72
277,2024-06-01,Delivered,41580.57
51,2023-08-19,Delivered,141625.38
52,2024-10-07,Delivered,148498.43
98,2025-01-11,Delivered,51190.67
215,2024-04-15,Delivered,37438.17
414,2024-09-06,Delivered,401.08
110,2024-04-11,Cancelled,15273.53
161,2023-05-13,Shipped,32067.19
245,2025-05-10,Shipped,63466.88
45,2023-12-15,Delivered,137911.2
446,2024-07-18,Cancelled,43704.75
441,2024-12-06,Delivered,131689.31
161,2025-03-15,Shipped,21366.51
236,2023-12-27,Shipped,99601.68
364,2023-06-15,Delivered,56040.77
499,2024-06-21,Delivered,68687.33
468,2024-01-08,Pending,17166.95
472,2025-03-12,Delivered,36289.37
335,2023-11-24,Delivered,43380.71
292,2024-09-25,Delivered,126888.35
106,2023-11-16,Delivered,137014.28
454,2023-04-14,Delivered,46376.85
325,2024-09-18,Cancelled,69133.86
49,2024-06-22,Cancelled,9774.34
186,2024-02-14,Delivered,65151.91
500,2023-12-31,Pending,41800.22
167,2024-05-07,Shipped,77420.84
128,2024-09-05,Pending,83893.88
331,2023-07-01,Shipped,119362.87
410,2023-07-18,Pending,120435.32
358,2024-12-23,Delivered,72582.69
256,2023-06-07,Pending,136863.95
99,2024-04-09,Shipped,77395.85
396,2025-03-02,Shipped,21696.21
131,2023-01-16,Delivered,120433.98
183,2025-05-04,Delivered,130610.4
427,2024-10-16,Delivered,18419.97
177,2023-05-13,Delivered,51175.81
456,2024-10-12,Shipped,95637.3
446,2024-10-21,Pending,43334.99
344,2025-04-11,Shipped,123795.39
330,2025-05-09,Delivered,70108.97
242,2023-11-24,Shipped,29433.27
476,2024-04-27,Shipped,147357.28
322,2025-04-07,Cancelled,65048.92
43,2024-01-22,Delivered,117427.42
192,2023-01-22,Pending,135484.4
304,2024-03-03,Cancelled,113703.59
81,2023-10-19,Cancelled,10805.87
127,2023-03-31,Delivered,101385.91
253,2024-03-14,Shipped,43750.22
420,2024-12-03,Delivered,128587.34
130,2024-02-16,Delivered,50579.32
340,2024-04-08,Shipped,35936.72
444,2024-06-17,Delivered,108463.92
396,2025-04-19,Shipped,127991.82
160,2023-09-27,Delivered,100032.62
300,2023-03-19,Delivered,44013.21
31,2023-01-30,Cancelled,103014.49
166,2024-05-21,Delivered,114832.54
429,2023-10-27,Shipped,52788.59
490,2025-01-11,Delivered,2352.89
324,2024-04-25,Pending,65124.44
219,2024-02-29,Shipped,30529.19
163,2025-06-16,Delivered,47105.63
436,2024-09-04,Pending,116429.18
117,2023-11-04,Pending,123860.5
405,2023-02-09,Delivered,42141.57
20,2025-05-03,Delivered,40981.07
157,2025-03-27,Delivered,25008.08
184,2025-06-15,Delivered,109622.51
21,2023-11-29,Delivered,101752.84
239,2024-09-08,Cancelled,2119.41
330,2023-06-08,Delivered,44731.56
229,2025-04-01,Cancelled,55089.1
268,2024-10-01,Cancelled,8376.17
440,2024-10-08,Delivered,76678.66
34,2023-08-20,Delivered,138995.71
332,2023-08-12,Delivered,21181.09
267,2024-12-23,Shipped,96724.38
62,2024-11-12,Cancelled,66866.27
242,2023-05-14,Delivered,63174.13
197,2023-06-07,Delivered,138290.92
415,2024-09-05,Shipped,50004.95
188,2024-05-01,Cancelled,14515.94
40,2025-01-18,Delivered,29391.48
292,2023-05-28,Shipped,61017.29
119,2023-04-18,Shipped,22417.91
101,2023-01-30,Delivered,38540.63
29,2023-12-16,Cancelled,75821.11
445,2023-07-12,Shipped,7056.02
126,2025-01-16,Pending,148418.48
29,2023-06-01,Delivered,41827.95
241,2024-10-11,Delivered,67723.84
154,2023-09-22,Delivered,69836.94
391,2025-01-08,Shipped,66169.88
330,2024-06-19,Shipped,105381.57
139,2024-05-17,Pending,77105.37
170,2023-11-09,Delivered,127054.71
165,2023-04-13,Pending,27664.99
57,2024-12-09,Shipped,19263.52
126,2024-08-10,Delivered,94435.35
370,2025-05-20,Shipped,124508.66
197,2023-10-01,Pending,145839.33
314,2024-01-24,Delivered,48448.45
179,2023-11-20,Delivered,104455.39
46,2024-03-23,Pending,86053.21
470,2023-04-03,Delivered,49419.78
75,2023-01-09,Delivered,36774.56
494,2024-03-07,Shipped,32935.8
90,2025-02-16,Delivered,77314.8
415,2023-04-05,Cancelled,1466.55
383,2024-09-11,Pending,79759.29
188,2023-04-03,Shipped,92753.85
355,2025-03-26,Delivered,69788.2
394,2025-05-16,Cancelled,120040.89
452,2023-05-13,Delivered,115327.8
37,2023-12-13,Pending,57877.67
437,2023-09-25,Shipped,107526.4
119,2024-12-20,Delivered,9679.27
191,2023-12-04,Shipped,95158.14
44,2023-06-12,Delivered,27461.6
173,2024-08-31,Delivered,87696.19
95,2024-11-27,Delivered,60472.48
88,2023-11-29,Cancelled,67873.09
272,2025-03-15,Cancelled,76154.82
415,2023-06-05,Shipped,113470.24
461,2025-06-05,Delivered,63042.13
269,2024-02-01,Cancelled,5954.75
449,2023-09-30,Delivered,60768.89
58,2023-12-19,Delivered,103224.31
293,2024-08-17,Delivered,91914.38
103,2025-05-18,Cancelled,108819.19
65,2023-05-26,Delivered,107034.24
269,2024-09-16,Delivered,61383.77
116,2025-06-08,Shipped,108965.85
6,2023-10-24,Pending,69184.0
474,2024-11-24,Delivered,129135.49
65,2024-03-29,Delivered,147701.97
148,2024-06-17,Delivered,148833.29
142,2024-11-14,Delivered,80613.89
46,2024-08-24,Delivered,9527.61
5,2025-04-23,Delivered,86098.37
319,2025-03-01,Shipped,112535.19
355,2024-08-05,Delivered,14159.0
107,2023-05-15,Delivered,129865.74
341,2023-01-23,Shipped,91421.67
89,2024-11-25,Delivered,9237.76
179,2024-07-15,Delivered,109783.37
394,2025-05-21,Delivered,80891.1
324,2023-03-04,Shipped,133846.09
421,2025-01-13,Delivered,111522.57
338,2024-04-21,Shipped,143239.83
243,2023-02-17,Delivered,3632.34
34,2025-05-02,Shipped,85294.33
439,2023-10-25,Delivered,100211.88
299,2023-11-28,Pending,31398.37
42,2025-02-21,Delivered,82407.85
467,2024-09-17,Delivered,38681.04
121,2024-01-15,Delivered,40468.04
411,2024-05-25,Delivered,139685.54
475,2024-03-30,Delivered,100335.53
306,2025-06-13,Pending,127688.59
8,2024-02-13,Pending,23367.5
413,2023-10-22,Delivered,6781.39
313,2024-01-29,Delivered,25187.89
432,2023-03-10,Delivered,120717.25
204,2025-04-05,Shipped,75833.1
191,2023-03-04,Shipped,65194.85
107,2025-06-18,Shipped,139608.95
344,2025-02-07,Cancelled,140809.81
179,2023-07-18,Pending,55995.82
199,2023-02-07,Delivered,101013.09
476,2024-01-02,Delivered,26764.89
62,2023-02-19,Delivered,74464.68
362,2025-05-23,Shipped,143140.77
2,2025-01-02,Shipped,99144.76
296,2023-11-14,Shipped,115579.78
474,2024-10-23,Cancelled,39233.92
228,2025-04-15,Pending,24279.79
435,2024-08-29,Delivered,86136.22
68,2023-10-20,Pending,74525.79
345,2023-09-03,Delivered,89995.38
395,2023-06-17,Shipped,106012.74
325,2023-12-26,Shipped,5442.69
465,2024-06-28,Delivered,29766.34
270,2023-12-06,Delivered,136281.81
256,2024-02-24,Delivered,129038.59
327,2024-02-29,Pending,68857.09
443,2023-12-02,Delivered,49887.3
83,2024-10-06,Delivered,89495.64
280,2024-02-11,Delivered,28630.69
473,2025-05-30,Shipped,61261.27
11,2023-01-28,Delivered,58808.79
346,2024-08-04,Cancelled,83747.95
108,2024-12-28,Delivered,149457.24
372,2023-09-03,Cancelled,96489.8
8,2024-03-22,Shipped,43053.49
233,2024-09-06,Delivered,69502.68
84,2025-05-20,Delivered,133463.41
359,2023-01-22,Delivered,146740.2
410,2023-05-19,Delivered,64495.76
236,2023-04-15,Delivered,5180.94
7,2024-07-17,Delivered,14180.04
208,2023-08-26,Shipped,74974.44
165,2023-02-04,Pending,1937.17
47,2023-01-03,Delivered,68620.52
221,2025-02-05,Delivered,33121.75
179,2024-08-19,Delivered,79097.36
345,2025-02-24,Delivered,69933.44
497,2024-03-24,Pending,31477.73
477,2024-02-01,Pending,147151.05
355,2025-02-10,Shipped,126619.01
184,2023-04-22,Pending,125218.07
177,2024-10-14,Shipped,3278.28
80,2024-05-02,Delivered,28681.42
224,2024-02-13,Delivered,41199.89
246,2025-01-29,Delivered,73057.3
233,2024-04-19,Delivered,61277.82
101,2024-10-29,Pending,75449.87
497,2024-10-05,Pending,142533.1
366,2024-11-24,Delivered,102570.85
45,2023-05-07,Delivered,16229.98
195,2023-04-06,Shipped,123200.31
54,2024-06-12,Cancelled,107410.01
308,2023-04-09,Shipped,23152.16
80,2024-04-11,Delivered,52067.04
430,2024-08-18,Delivered,72918.21
345,2025-01-20,Delivered,13619.69
375,2023-11-01,Pending,82768.36
216,2025-01-07,Delivered,71491.96
12,2023-03-26,Shipped,68888.42
129,2024-05-24,Delivered,60199.05
256,2023-08-16,Delivered,103872.8
23,2024-05-08,Cancelled,51967.48
14,2023-10-05,Cancelled,132320.17
68,2023-08-06,Cancelled,101081.89
119,2024-12-06,Shipped,77663.08
100,2024-03-07,Delivered,68386.76
308,2024-02-27,Shipped,114025.02
96,2024-04-29,Shipped,144971.18
466,2023-10-07,Delivered,40712.97
25,2024-06-16,Delivered,41782.92
34,2024-01-28,Shipped,143042.33
224,2023-02-17,Delivered,96081.14
205,2023-05-20,Shipped,64715.07
281,2024-12-14,Delivered,85225.34
332,2023-03-09,Delivered,123173.11
476,2024-12-01,Delivered,41696.68
368,2023-04-02,Delivered,129684.59
318,2023-10-12,Delivered,52783.83
132,2023-03-06,Shipped,14475.51
368,2024-05-06,Shipped,92175.84
368,2024-06-06,Delivered,41962.86
499,2024-01-18,Shipped,11087.54
346,2025-01-17,Delivered,35022.15
350,2024-06-15,Delivered,30927.98
225,2023-04-10,Shipped,4499.16
352,2023-08-18,Shipped,110243.41
93,2023-08-05,Delivered,27351.17
279,2025-05-07,Delivered,141514.69
124,2025-05-12,Delivered,120764.3
382,2025-01-16,Shipped,108193.31
357,2025-01-19,Delivered,67806.59
338,2025-06-03,Pending,67193.47
115,2025-01-02,Pending,73810.41
197,2023-07-18,Delivered,122344.7
397,2023-08-05,Delivered,83150.1
128,2025-04-05,Delivered,43603.8
293,2023-06-03,Delivered,3013.32
114,2025-03-04,Pending,105509.74
304,2023-11-29,Delivered,44535.09
303,2023-07-12,Pending,19362.59
257,2023-12-18,Shipped,47482.73
75,2023-07-05,Delivered,84053.91
26,2024-10-07,Shipped,22646.62
287,2024-10-24,Pending,80895.99
180,2023-11-19,Delivered,146388.41
307,2024-05-07,Delivered,124626.0
96,2023-11-20,Delivered,107609.05
128,2024-08-27,Delivered,139611.31
455,2023-03-07,Delivered,34329.87
107,2023-08-06,Pending,22021.97
420,2023-11-09,Delivered,34302.83
173,2024-06-13,Delivered,32643.26
484,2024-08-16,Delivered,89108.14
334,2024-03-29,Shipped,61526.36
199,2024-08-21,Delivered,52823.2
226,2024-03-15,Delivered,91387.19
205,2025-06-07,Delivered,135491.91
434,2024-07-19,Shipped,146343.5
168,2023-10-04,Delivered,58655.72
105,2024-11-17,Shipped,95689.93
415,2023-04-04,Delivered,84972.11
203,2024-11-01,Delivered,101562.1
127,2023-05-23,Cancelled,81118.87
194,2024-04-27,Cancelled,146588.94
148,2025-03-04,Delivered,119917.82
445,2023-10-21,Pending,83067.52
327,2025-03-10,Delivered,27974.77
40,2024-07-24,Pending,7493.16
164,2023-07-25,Delivered,49562.86
125,2024-12-02,Cancelled,10943.44
444,2024-03-17,Delivered,56410.6
202,2024-01-09,Shipped,144875.67
490,2023-01-08,Pending,104658.44
287,2025-02-15,Delivered,12456.53
432,2024-06-22,Shipped,147612.54
297,2023-03-15,Shipped,54597.88
358,2023-01-17,Delivered,2760.0
439,2023-09-02,Shipped,19329.17
3,2023-11-20,Delivered,137580.92
428,2025-06-09,Delivered,96995.03
147,2023-11-24,Delivered,80321.14
492,2025-03-16,Delivered,57498.04
210,2024-09-17,Delivered,143400.98
492,2025-02-13,Delivered,124762.34
315,2023-04-13,Shipped,122899.17
83,2024-09-07,Shipped,68058.25
129,2024-03-25,Shipped,1566.17
211,2025-02-08,Pending,134366.86
233,2024-05-02,Shipped,54636.66
111,2023-05-29,Delivered,60909.92
224,2025-05-21,Delivered,27101.64
75,2023-12-09,Delivered,122876.47
439,2023-11-20,Shipped,46921.13
465,2024-03-06,Cancelled,112969.02
444,2023-09-11,Shipped,89393.42
430,2023-05-03,Delivered,132548.04
310,2023-03-25,Delivered,52659.17
97,2023-06-17,Delivered,72116.3
334,2024-12-22,Pending,148320.77
347,2023-09-21,Cancelled,62300.58
481,2023-09-21,Pending,55598.66
18,2025-02-11,Shipped,109648.6
145,2024-04-09,Delivered,53283.4
79,2024-11-09,Delivered,16909.53
107,2025-04-29,Delivered,85644.66
162,2025-04-20,Cancelled,108203.55
341,2025-06-11,Delivered,118383.52
36,2024-01-25,Cancelled,84381.05
243,2025-05-13,Pending,83983.5
268,2024-12-09,Delivered,78187.72
286,2023-09-13,Delivered,38989.54
493,2023-05-14,Pending,130379.49
391,2025-03-14,Delivered,136696.25
353,2024-11-26,Delivered,90655.73
164,2024-01-18,Delivered,43350.26
123,2023-11-29,Pending,31399.11
61,2024-12-02,Shipped,108590.62
265,2024-11-15,Delivered,88710.18
489,2023-09-22,Pending,55135.83
402,2024-05-08,Delivered,50717.76
97,2024-04-21,Delivered,88289.85
232,2024-11-11,Pending,78223.86
39,2024-07-17,Delivered,10376.31
158,2024-08-04,Shipped,46955.77
273,2023-05-16,Delivered,73603.03
105,2024-08-23,Delivered,74205.66
467,2025-01-20,Pending,41461.0
174,2023-02-06,Delivered,124855.05
38,2023-04-16,Delivered,99726.08
189,2024-12-01,Shipped,49512.35
107,2024-04-10,Delivered,11414.6
87,2025-05-02,Delivered,109466.4
139,2024-08-13,Delivered,141537.3
268,2024-12-08,Cancelled,3004.78
417,2023-06-10,Delivered,63494.2
288,2023-06-24,Pending,98263.35
494,2024-08-31,Cancelled,143224.57
36,2024-06-08,Cancelled,3655.63
446,2025-04-06,Pending,89669.34
350,2024-12-26,Shipped,149078.63
450,2025-04-03,Delivered,15405.07
384,2023-08-18,Delivered,32024.0
139,2024-03-20,Pending,65185.59
428,2023-06-05,Shipped,69900.88
288,2025-05-21,Delivered,93765.56
459,2025-06-16,Delivered,55200.16
33,2023-03-03,Cancelled,149951.17
385,2024-08-13,Pending,44596.28
145,2024-01-28,Shipped,147121.58
353,2025-04-05,Delivered,32979.48
41,2024-09-18,Cancelled,100735.0
371,2023-08-27,Delivered,105290.04
4,2024-05-11,Delivered,88210.65
153,2024-12-04,Delivered,107748.36
124,2023-07-26,Cancelled,55976.45
413,2024-09-14,Delivered,65422.11
182,2024-05-02,Pending,9800.46
409,2023-10-01,Delivered,64103.11
326,2024-12-14,Delivered,31851.18
245,2023-01-25,Delivered,145695.41
487,2023-10-03,Pending,101330.44
209,2025-06-14,Delivered,67197.8
308,2023-11-07,Shipped,8091.96
237,2023-02-22,Cancelled,137278.13
31,2025-03-01,Delivered,97134.63
42,2024-04-13,Delivered,15697.5
238,2024-06-10,Delivered,103000.63
471,2025-05-14,Shipped,10832.39
373,2023-11-30,Delivered,134701.98
388,2025-03-17,Delivered,78848.51
72,2025-05-23,Cancelled,13544.68
246,2023-12-06,Delivered,96611.26
73,2025-05-14,Pending,125368.47
221,2024-01-10,Pending,114611.72
253,2025-03-25,Delivered,106469.36
459,2024-08-05,Shipped,33134.47
152,2024-12-24,Delivered,81416.87
365,2023-01-04,Shipped,133749.16
158,2024-07-29,Delivered,112826.43
343,2023-03-24,Delivered,125276.6
178,2023-04-03,Shipped,126971.26
290,2023-04-15,Cancelled,52878.83
222,2024-07-29,Delivered,82881.74
380,2023-01-15,Delivered,5679.79
452,2023-01-14,Shipped,33642.9
60,2023-06-22,Cancelled,81160.85
380,2023-07-31,Cancelled,102874.98
429,2024-02-18,Delivered,115237.59
86,2024-02-01,Delivered,141912.45
206,2025-03-14,Shipped,51332.16
204,2024-05-13,Delivered,51138.6
267,2024-02-28,Delivered,89335.09
213,2024-03-22,Delivered,126708.95
241,2024-08-24,Delivered,70299.46
170,2024-08-15,Shipped,118925.33
105,2025-06-03,Delivered,127670.09
462,2024-07-10,Delivered,112916.79
179,2023-02-21,Delivered,15270.63
380,2025-04-17,Delivered,111901.51
75,2024-08-31,Shipped,114977.75
95,2023-03-14,Delivered,54781.54
165,2023-07-24,Delivered,21290.53
382,2024-01-17,Delivered,98862.85
45,2023-03-21,Delivered,38853.27
343,2024-06-07,Pending,107364.3
120,2023-03-10,Delivered,77857.44
162,2024-06-07,Delivered,55464.26
417,2025-02-17,Delivered,51400.62
297,2025-01-15,Delivered,101292.58
244,2023-04-28,Delivered,18323.04
203,2023-04-05,Delivered,101872.73
110,2024-06-15,Delivered,126146.67
195,2024-06-17,Delivered,100447.36
470,2024-02-20,Delivered,88356.28
279,2025-03-29,Delivered,32047.42
379,2025-05-02,Delivered,11927.39
23,2023-04-13,Cancelled,130409.16
331,2023-11-08,Cancelled,110406.45
208,2025-05-08,Delivered,51344.47
196,2023-09-04,Delivered,70969.5
234,2024-05-12,Pending,120472.95
171,2025-06-02,Delivered,76347.92
95,2023-04-04,Shipped,108601.5
309,2024-07-05,Delivered,31473.88
34,2025-05-02,Delivered,95265.62
132,2023-07-15,Shipped,70912.96
182,2024-10-25,Shipped,114073.83
7,2023-01-22,Delivered,13356.39
14,2023-07-03,Delivered,51248.06
34,2025-05-04,Shipped,122873.49
268,2023-07-06,Shipped,82970.44
361,2024-10-21,Delivered,131395.11
387,2023-05-21,Cancelled,8308.88
59,2024-10-29,Pending,51309.91
402,2023-08-25,Shipped,148016.53
25,2023-04-03,Delivered,135111.57
36,2025-04-05,Delivered,34087.33
1,2023-06-21,Delivered,21319.53
29,2024-07-12,Delivered,50634.98
339,2025-04-09,Delivered,36165.52
310,2023-06-10,Shipped,107185.82
142,2023-08-02,Delivered,33531.08
147,2023-03-27,Delivered,135074.88
299,2023-01-09,Pending,454.15
293,2025-06-09,Delivered,49105.62
373,2023-01-15,Pending,147522.78
123,2023-09-03,Shipped,101537.7
415,2024-06-04,Cancelled,50950.85
74,2025-04-17,Shipped,27007.06
203,2023-02-03,Delivered,106005.91
87,2023-01-02,Delivered,101318.59
365,2023-09-23,Delivered,16770.71
220,2023-05-29,Delivered,6969.28
472,2025-05-28,Shipped,104116.06
183,2024-03-07,Pending,85080.42
254,2023-09-27,Delivered,35297.59
279,2023-11-22,Delivered,148496.13
465,2023-04-09,Delivered,75509.27
48,2024-08-23,Pending,124676.81
315,2025-04-30,Delivered,88339.38
101,2023-05-03,Delivered,1849.77
495,2024-10-29,Delivered,89082.06
479,2024-06-13,Delivered,117515.19
156,2023-07-08,Shipped,98826.99
238,2024-11-11,Delivered,109355.91
136,2023-05-04,Pending,126567.06
452,2023-01-21,Pending,147792.94
278,2023-10-27,Delivered,96767.41
482,2024-10-15,Delivered,58434.94
117,2023-10-02,Cancelled,140815.39
147,2023-01-08,Shipped,13412.98
380,2024-10-19,Delivered,73754.8
20,2023-03-23,Delivered,6068.86
287,2024-04-19,Shipped,76956.07
405,2023-11-18,Delivered,118783.2
342,2023-01-26,Delivered,18915.09
135,2023-09-10,Delivered,102216.71
295,2023-07-12,Delivered,28472.68
232,2023-10-15,Pending,73282.33
493,2025-06-02,Shipped,121410.02
463,2024-03-26,Delivered,47942.0
418,2023-11-22,Delivered,144263.82
339,2025-01-22,Delivered,71421.98
498,2024-10-18,Delivered,62102.37
251,2025-05-21,Delivered,65976.11
389,2025-03-30,Pending,79081.24
308,2023-02-22,Delivered,76437.88
21,2023-08-02,Delivered,94316.01
442,2023-06-08,Pending,63772.48
151,2024-02-04,Shipped,34800.96
12,2025-04-02,Pending,65031.37
421,2023-07-01,Pending,92065.98
362,2023-03-15,Delivered,9139.38
283,2024-06-14,Shipped,4644.3
177,2023-04-17,Shipped,74613.77
288,2023-08-09,Delivered,19660.48
63,2024-04-27,Cancelled,57791.14
284,2024-09-06,Pending,55265.9
214,2023-04-18,Shipped,65022.35
239,2023-09-10,Delivered,141477.18
448,2023-10-12,Shipped,112597.42
59,2023-01-06,Pending,85099.1
404,2023-03-01,Delivered,106994.48
367,2023-04-29,Delivered,31345.01
360,2023-06-09,Delivered,32237.37
160,2023-04-10,Shipped,20990.43
41,2023-11-30,Delivered,127155.84
276,2024-11-19,Shipped,104840.28
204,2023-06-02,Delivered,141078.33
31,2023-08-17,Pending,137232.15
12,2024-02-08,Pending,62536.52
48,2024-01-25,Pending,113116.77
279,2023-04-13,Pending,25903.64
468,2024-07-25,Delivered,146312.57
206,2025-04-05,Delivered,31398.65
79,2025-03-10,Cancelled,47060.79
303,2024-01-06,Pending,37086.97
334,2024-07-11,Delivered,2653.34
106,2023-09-13,Delivered,115172.33
68,2023-02-16,Delivered,89375.11
441,2024-10-23,Cancelled,68628.88
34,2023-07-04,Pending,105938.24
305,2024-12-14,Delivered,148626.71
469,2024-07-16,Delivered,146546.1
359,2025-03-09,Pending,123897.53
399,2024-11-12,Pending,91699.44
29,2023-04-08,Delivered,107323.1
2,2024-10-27,Pending,34629.15
491,2023-02-01,Delivered,33138.55
247,2024-06-17,Delivered,124275.0
230,2023-05-29,Cancelled,127882.19
131,2023-06-09,Delivered,147612.28
233,2023-08-19,Delivered,56102.46
158,2023-03-29,Delivered,79405.25
291,2024-08-18,Delivered,56114.38
81,2024-10-29,Shipped,81438.35
267,2023-10-14,Delivered,132753.35
45,2025-02-14,Cancelled,148459.53
99,2023-06-18,Pending,82385.58
360,2024-03-15,Pending,11366.19
472,2025-05-24,Shipped,142284.57
205,2024-03-26,Cancelled,124376.5
75,2024-06-03,Delivered,146483.6
361,2023-06-06,Pending,86989.84
130,2025-02-20,Cancelled,107731.14
396,2023-06-23,Delivered,29907.9
461,2023-01-11,Shipped,54157.68
347,2023-02-05,Delivered,112256.47
382,2023-04-13,Pending,24819.5
362,2024-08-26,Delivered,37005.08
68,2023-01-06,Delivered,82977.38
423,2024-12-09,Delivered,110620.6
272,2023-04-04,Shipped,36306.84
445,2024-11-24,Shipped,39293.53
339,2024-11-04,Delivered,15449.63
34,2023-05-04,Shipped,84313.78
418,2023-11-24,Cancelled,127404.56
37,2023-08-09,Shipped,131969.44
277,2024-08-17,Cancelled,1963.49
402,2023-11-10,Cancelled,114536.99
272,2023-03-21,Delivered,3502.2
199,2025-06-13,Delivered,55917.94
193,2024-01-06,Shipped,139617.64
281,2024-10-08,Delivered,128105.75
206,2024-07-25,Delivered,42246.58
416,2023-06-30,Delivered,52784.53
500,2024-08-31,Delivered,117966.73
225,2025-03-15,Delivered,139779.12
6,2023-11-02,Cancelled,19708.96
63,2023-03-03,Cancelled,41645.94
304,2023-02-12,Shipped,73073.56
324,2024-01-26,Delivered,20730.33
262,2023-12-01,Cancelled,47326.91
71,2024-11-27,Delivered,55627.62
215,2023-02-03,Delivered,11727.54
353,2024-01-08,Delivered,35021.43
496,2024-03-09,Pending,81406.13
317,2024-01-08,Delivered,39022.06
36,2024-07-06,Pending,77457.15
399,2023-12-20,Delivered,102385.16
281,2024-12-20,Delivered,64426.06
99,2024-04-29,Delivered,133229.64
448,2025-03-23,Shipped,21687.17
426,2023-06-21,Delivered,8481.91
102,2024-04-10,Delivered,50922.7
325,2023-03-04,Delivered,73896.31
181,2024-02-26,Delivered,25198.6
86,2023-03-30,Delivered,121025.4
196,2024-07-29,Delivered,94708.28
128,2023-05-03,Delivered,69612.68
403,2025-04-11,Shipped,23743.81
356,2023-11-01,Shipped,116928.89
150,2025-03-29,Cancelled,31540.01
313,2024-08-11,Delivered,109683.88
333,2023-11-17,Delivered,138723.51
435,2024-07-23,Cancelled,74055.13
314,2023-08-13,Delivered,45358.61
119,2024-01-31,Shipped,55803.04
400,2024-03-10,Delivered,119666.92
174,2024-05-16,Delivered,67482.01
241,2023-11-04,Delivered,36470.33
455,2023-05-14,Cancelled,107523.37
82,2023-09-06,Delivered,66626.46
381,2024-08-31,Cancelled,131235.36
196,2023-08-31,Delivered,5710.46
275,2025-02-08,Delivered,18191.89
183,2024-01-04,Shipped,149678.61
80,2024-08-12,Shipped,17670.23
350,2024-02-10,Pending,135119.72
229,2024-09-30,Shipped,69392.38
299,2023-12-10,Cancelled,96468.52
225,2023-03-16,Delivered,65611.46
295,2024-11-28,Shipped,3574.95
24,2024-06-18,Cancelled,132783.71
313,2024-09-23,Delivered,16170.56
318,2024-07-21,Delivered,56174.1
265,2023-09-14,Cancelled,91339.38
32,2023-07-18,Delivered,1777.61
444,2024-09-03,Delivered,126596.65
365,2024-04-23,Delivered,94139.95
294,2023-10-01,Shipped,10803.91
201,2023-05-14,Shipped,81451.11
378,2023-02-12,Cancelled,51343.48
450,2024-07-13,Delivered,65889.68
407,2025-03-05,Delivered,52477.04
93,2023-10-24,Delivered,110851.47
285,2025-03-06,Delivered,112858.09
8,2024-02-05,Delivered,120380.41
75,2023-08-16,Delivered,30222.05
42,2024-06-23,Shipped,114255.28
495,2024-06-13,Cancelled,81754.92
296,2024-03-11,Shipped,26010.72
222,2023-08-23,Delivered,119851.13
72,2023-03-27,Delivered,30328.16
261,2023-07-29,Pending,82141.83
407,2024-04-13,Delivered,70929.25
408,2024-05-25,Delivered,94561.16
369,2023-10-31,Delivered,75500.47
130,2024-09-05,Delivered,65855.46
474,2024-07-14,Delivered,125959.34
79,2024-01-21,Cancelled,41013.6
490,2024-12-08,Delivered,119965.48
230,2025-03-11,Cancelled,32728.43
345,2024-03-23,Cancelled,71949.82
6,2024-01-13,Shipped,109908.53
425,2024-02-26,Delivered,16083.98
297,2023-05-04,Delivered,126148.6
368,2024-08-18,Shipped,134815.53
393,2023-02-26,Delivered,17199.88
340,2023-07-28,Delivered,82206.88
334,2025-03-16,Cancelled,70256.19
165,2025-02-14,Delivered,106214.34
289,2024-10-02,Delivered,145155.03
282,2025-05-16,Cancelled,695.99
205,2024-06-08,Delivered,2868.24
17,2023-11-16,Delivered,25602.9
317,2023-12-06,Delivered,129179.56
84,2023-04-11,Delivered,143158.93
358,2024-03-29,Delivered,35765.27
245,2025-03-05,Shipped,15804.46
254,2024-05-22,Delivered,84058.73
198,2023-05-20,Delivered,48644.83
331,2024-07-24,Shipped,107559.24
459,2023-09-10,Pending,146745.52
108,2024-08-01,Delivered,27090.81
107,2023-04-14,Cancelled,86852.32
14,2024-05-06,Delivered,79034.87
192,2025-04-06,Delivered,68278.79
317,2023-07-09,Delivered,105431.96
160,2025-02-01,Delivered,54164.48
259,2024-04-09,Shipped,84188.39
186,2024-11-16,Cancelled,14864.31
300,2025-01-30,Shipped,8810.96
89,2025-02-28,Delivered,85631.21
466,2024-07-30,Delivered,126868.24
124,2023-03-19,Delivered,68660.97
106,2025-03-10,Delivered,79773.47
269,2023-05-27,Delivered,21892.58
255,2024-01-26,Shipped,116156.08
123,2023-06-03,Delivered,81285.61
436,2023-09-09,Shipped,148580.93
404,2023-12-11,Delivered,26240.69
264,2023-06-04,Delivered,47523.51
439,2023-02-09,Delivered,63145.32
259,2023-10-31,Delivered,140497.67
94,2024-06-23,Shipped,22785.95
339,2024-05-22,Delivered,31541.74
84,2025-06-01,Pending,28405.56
87,2024-09-19,Delivered,45042.54
313,2023-02-04,Delivered,142055.95
459,2024-07-15,Delivered,19729.69
87,2024-03-20,Delivered,12103.28
338,2023-09-20,Shipped,90746.72
433,2023-03-05,Delivered,35679.0
45,2023-10-27,Delivered,92517.28
222,2023-01-05,Shipped,49481.09
116,2023-10-14,Delivered,135667.35
154,2023-05-02,Delivered,29783.54
441,2024-07-16,Pending,95821.21
412,2025-02-21,Cancelled,148768.45
73,2024-06-05,Delivered,8994.6
160,2024-11-30,Shipped,825.82
125,2023-10-12,Cancelled,148552.22
125,2023-07-11,Delivered,39674.3
196,2023-11-21,Shipped,48475.72
239,2024-01-09,Delivered,111100.97
338,2023-03-04,Delivered,40326.8
151,2024-08-22,Shipped,74480.16
301,2025-05-22,Shipped,109056.03
314,2023-04-29,Cancelled,27898.79
331,2023-04-20,Pending,14888.62
426,2024-11-01,Shipped,84584.06
347,2024-03-29,Delivered,61861.07
312,2025-03-23,Delivered,35082.43
221,2024-10-19,Delivered,59273.67
76,2023-10-31,Cancelled,34199.17
473,2024-02-23,Shipped,111310.68
208,2024-07-29,Delivered,4670.3
395,2024-04-16,Cancelled,75882.49
421,2023-05-16,Delivered,144224.96
402,2023-08-30,Delivered,60422.08
193,2024-07-20,Shipped,24512.2
208,2023-11-01,Shipped,81174.49
376,2024-10-31,Pending,123355.05
15,2023-04-11,Shipped,10609.63
57,2023-11-02,Delivered,101721.47
47,2024-11-28,Delivered,44032.66
133,2024-01-09,Pending,63062.91
99,2023-11-26,Cancelled,82191.42
394,2023-03-10,Delivered,135728.72
217,2023-06-21,Shipped,15457.33
217,2024-10-28,Delivered,32956.98
490,2025-04-07,Pending,72263.52
383,2024-09-11,Pending,87342.33
127,2024-04-06,Delivered,146218.92
267,2025-02-13,Pending,117085.34
349,2024-05-05,Delivered,43753.28
346,2023-11-26,Shipped,142750.74
12,2023-10-14,Pending,35708.43
180,2024-04-04,Delivered,92050.08
490,2024-07-30,Cancelled,110668.32
440,2025-06-19,Cancelled,61192.08
119,2023-10-18,Shipped,13764.43
108,2024-01-11,Shipped,123909.98
462,2023-07-27,Cancelled,79361.38
379,2023-11-20,Shipped,83485.4
435,2023-08-01,Delivered,97117.89
448,2024-11-19,Cancelled,70325.81
66,2024-07-23,Delivered,74408.85
453,2025-06-16,Pending,105490.48
134,2023-08-01,Pending,16916.43
399,2024-10-18,Delivered,136952.28
56,2025-06-12,Shipped,35212.52
14,2023-03-17,Delivered,116170.66
150,2023-05-18,Delivered,107815.88
277,2025-06-15,Shipped,4751.99
360,2025-04-03,Delivered,17919.95
436,2025-03-13,Shipped,63612.09
186,2024-10-09,Delivered,138266.43
224,2023-01-31,Pending,82952.38
316,2025-05-31,Delivered,53256.53
462,2024-09-10,Cancelled,147506.88
396,2024-12-05,Shipped,144377.65
378,2023-10-22,Cancelled,113684.87
15,2024-09-18,Delivered,125536.46
200,2023-08-05,Pending,93155.1
126,2024-12-16,Delivered,22195.42
242,2023-03-01,Delivered,112097.7
195,2025-03-03,Shipped,5870.8
31,2024-11-15,Shipped,133938.94
411,2024-10-06,Delivered,84244.78
500,2024-05-31,Cancelled,82153.74
455,2023-11-21,Pending,3713.9
342,2023-04-02,Shipped,34652.27
380,2023-11-02,Delivered,109838.06
31,2025-06-16,Shipped,48507.82
391,2023-12-23,Shipped,15393.75
329,2024-12-23,Pending,107818.32
134,2024-01-16,Cancelled,89525.29
117,2024-12-11,Delivered,111002.22
66,2024-11-25,Delivered,119131.51
286,2024-12-13,Delivered,149296.7
231,2023-11-10,Delivered,91003.77
84,2023-09-07,Delivered,54605.47
86,2023-01-26,Cancelled,141718.64
221,2025-01-02,Pending,131601.94
103,2024-10-15,Delivered,111124.41
306,2025-03-21,Delivered,45313.66
78,2024-11-15,Delivered,120736.48
441,2024-10-25,Delivered,91335.64
97,2023-04-04,Delivered,109067.36
163,2024-06-27,Shipped,54574.73
495,2023-12-02,Delivered,25875.95
122,2024-06-05,Shipped,52703.75
245,2024-02-25,Cancelled,79860.6
157,2025-03-10,Delivered,104792.45
296,2023-01-30,Pending,75969.66
173,2023-04-21,Delivered,141429.7
388,2023-07-24,Pending,104488.05
266,2024-03-25,Cancelled,54003.4
269,2024-05-23,Delivered,19118.73
197,2023-04-21,Delivered,27472.45
234,2024-11-07,Shipped,112223.95
290,2023-03-08,Shipped,118398.91
69,2023-05-11,Delivered,146417.32
384,2024-02-29,Delivered,92856.11
262,2023-07-06,Cancelled,142164.62
441,2023-04-15,Delivered,131694.87
303,2025-01-24,Delivered,140729.46
343,2023-11-01,Shipped,93792.15
47,2023-01-19,Pending,107035.11
162,2023-09-26,Delivered,146146.67
159,2023-02-11,Delivered,92073.16
36,2023-04-09,Delivered,57406.59
350,2023-09-04,Delivered,37161.64
445,2025-01-31,Shipped,140246.64
317,2024-03-23,Pending,135547.47
26,2025-04-01,Shipped,21374.69
200,2025-05-17,Delivered,85307.03
322,2024-07-11,Cancelled,26550.11
75,2024-03-27,Shipped,126118.45
307,2023-02-08,Cancelled,91378.95
88,2024-05-17,Delivered,87208.56
439,2023-03-07,Cancelled,147587.14
344,2023-11-16,Cancelled,103088.39
189,2025-03-17,Pending,99367.44
413,2023-07-04,Shipped,16793.88
455,2024-08-13,Cancelled,90275.38
327,2024-08-26,Delivered,11422.03
102,2023-04-17,Delivered,49072.74
494,2025-01-03,Delivered,2908.41
17,2025-03-15,Shipped,4018.7
373,2024-01-31,Delivered,75702.12
65,2023-02-20,Delivered,20006.95
459,2024-08-24,Delivered,49539.69
183,2025-02-06,Pending,106668.15
364,2024-01-13,Delivered,18757.31
242,2023-01-08,Cancelled,130335.68
84,2023-10-24,Delivered,62697.23
258,2024-11-16,Shipped,124664.56
67,2023-11-22,Cancelled,38502.42
16,2023-08-28,Delivered,138681.03
310,2024-03-13,Pending,115985.2
170,2023-07-26,Delivered,111925.64
68,2024-11-28,Pending,122244.14
304,2025-04-03,Delivered,43432.29
350,2023-03-15,Delivered,84204.7
362,2023-11-27,Delivered,140056.23
245,2024-10-19,Delivered,15398.67
59,2023-12-18,Delivered,92363.32
419,2023-03-02,Delivered,108754.38
133,2024-05-21,Delivered,98406.11
317,2023-05-21,Delivered,118515.29
201,2024-02-16,Delivered,6530.53
444,2023-04-11,Delivered,88960.95
8,2024-07-28,Delivered,29663.15
455,2025-01-20,Delivered,12487.27
418,2023-08-01,Delivered,135073.11
238,2025-02-27,Delivered,141733.66
235,2024-10-26,Delivered,147156.12
23,2024-09-02,Shipped,19865.71
451,2024-05-07,Delivered,125428.96
166,2024-10-31,Delivered,49815.54
49,2023-08-23,Cancelled,115504.16
6,2024-05-17,Delivered,138920.37
251,2023-04-11,Shipped,87343.34
469,2024-10-26,Delivered,81669.57
28,2023-06-18,Pending,24546.74
375,2025-06-14,Shipped,16018.16
430,2025-02-08,Pending,45841.36
491,2024-04-22,Cancelled,93033.2
283,2025-03-10,Delivered,130292.09
410,2024-12-27,Pending,96795.13
119,2024-09-13,Pending,32515.52
83,2024-12-21,Delivered,105102.98
240,2024-02-26,Delivered,86976.87
46,2025-04-20,Delivered,81806.42
42,2023-10-10,Shipped,61547.75
111,2023-04-07,Shipped,30254.46
396,2023-02-11,Delivered,4881.25
338,2025-03-03,Delivered,109031.11
104,2025-01-14,Cancelled,76192.63
311,2023-01-08,Pending,122303.9
233,2024-01-26,Cancelled,15812.57
368,2023-11-07,Delivered,42821.12
44,2023-01-02,Delivered,22068.86
148,2023-03-21,Shipped,74428.33
461,2023-06-02,Delivered,93587.85
322,2024-08-18,Delivered,115172.77
400,2025-01-02,Shipped,39680.78
352,2023-06-21,Cancelled,39378.64
175,2025-06-17,Shipped,19276.78
37,2024-01-06,Shipped,45372.88
72,2024-07-07,Delivered,58020.65
209,2025-05-23,Shipped,129691.91
423,2023-11-04,Delivered,62293.09
475,2023-09-03,Pending,41045.59
170,2024-08-31,Delivered,95764.97
174,2023-05-28,Delivered,91312.61
110,2023-11-02,Delivered,41617.4
424,2024-05-15,Delivered,138112.13
414,2023-07-21,Shipped,105533.89
454,2023-07-26,Delivered,11442.46
109,2023-07-20,Delivered,25966.98
211,2025-01-02,Cancelled,120320.29
1,2024-03-30,Delivered,1434.44
275,2025-01-29,Delivered,439.08
8,2024-02-15,Delivered,92464.95
317,2023-11-01,Delivered,8109.72
36,2024-12-27,Pending,137722.95
203,2023-07-28,Delivered,65717.88
438,2025-04-02,Delivered,123390.11
349,2024-07-08,Delivered,116371.53
276,2024-09-16,Shipped,136858.52
435,2023-03-16,Delivered,149221.19
295,2023-09-11,Shipped,56827.22
311,2023-09-07,Cancelled,15848.49
307,2023-01-26,Cancelled,50429.32
328,2024-12-04,Pending,89493.2
85,2024-11-14,Delivered,59385.26
323,2024-04-18,Cancelled,133592.45
389,2023-12-01,Delivered,125624.54
347,2023-05-12,Delivered,86378.92
79,2024-10-25,Delivered,114746.74
99,2023-01-01,Delivered,10270.13
99,2023-06-15,Delivered,8659.23
94,2024-07-27,Delivered,146093.64
409,2025-01-25,Delivered,132394.71
139,2025-01-10,Cancelled,17256.24
282,2024-01-17,Delivered,40491.9
481,2023-12-28,Delivered,136926.85
33,2024-08-05,Delivered,108915.47
14,2024-06-15,Shipped,143548.96
193,2023-12-09,Delivered,122176.22
265,2025-04-14,Cancelled,138596.82
96,2023-06-09,Pending,17360.12
356,2025-06-10,Cancelled,44489.72
55,2024-10-09,Delivered,137954.57
468,2023-03-19,Delivered,3229.84
270,2023-08-27,Cancelled,9314.12
406,2024-10-12,Shipped,10787.48
171,2024-12-20,Shipped,85729.39
267,2023-03-26,Delivered,146481.47
347,2025-03-09,Cancelled,53821.85
215,2025-02-20,Delivered,118936.01
230,2025-01-29,Delivered,143355.4
151,2025-05-19,Cancelled,71017.99
352,2024-12-21,Pending,106328.16
313,2025-03-17,Delivered,139714.2
234,2023-04-10,Cancelled,35794.89
167,2023-07-09,Cancelled,4169.72
228,2024-10-06,Delivered,103910.49
352,2025-04-01,Delivered,100794.12
404,2023-04-22,Delivered,134210.36
337,2025-02-16,Delivered,57252.75
328,2025-02-20,Delivered,53692.04
135,2025-04-21,Shipped,136164.2
327,2025-04-24,Delivered,20852.06
252,2024-07-18,Delivered,142112.9
325,2025-03-02,Delivered,137865.29
351,2025-02-13,Delivered,56556.06
114,2024-01-21,Delivered,113379.93
375,2024-04-11,Shipped,49877.87
349,2023-01-06,Pending,123095.36
221,2025-01-06,Shipped,111445.6
234,2025-04-30,Shipped,3285.54
289,2023-08-12,Delivered,20918.35
124,2024-10-02,Delivered,95637.09
68,2024-08-24,Shipped,130363.65
341,2023-08-29,Pending,11751.63
34,2025-02-03,Pending,44491.41
101,2024-05-31,Shipped,101665.98
159,2023-06-18,Delivered,7766.87
82,2024-07-01,Pending,145320.91
6,2023-06-08,Delivered,27232.54
135,2024-02-01,Delivered,143279.19
479,2023-12-18,Delivered,90621.33
67,2023-11-25,Pending,5954.61
171,2023-12-04,Shipped,71190.55
178,2024-06-17,Delivered,119366.59
482,2023-01-14,Pending,9774.5
114,2024-09-07,Cancelled,122264.75
98,2025-02-05,Delivered,104280.44
338,2023-05-08,Shipped,76661.83
39,2023-08-24,Delivered,102208.99
495,2023-03-17,Pending,71208.46
171,2024-09-03,Delivered,117319.12
43,2023-03-19,Shipped,25666.59
150,2023-12-04,Cancelled,33409.0
487,2025-04-21,Shipped,27304.61
327,2025-03-13,Shipped,59265.18
144,2023-12-30,Delivered,117630.14
79,2024-09-28,Shipped,9949.2
122,2024-04-02,Shipped,141871.76
329,2025-05-05,Pending,100145.01
474,2024-10-14,Shipped,44361.6
131,2024-11-21,Shipped,65869.77
429,2024-05-06,Delivered,71544.0
455,2025-03-02,Shipped,4179.65
129,2024-10-06,Delivered,90549.96
375,2025-02-23,Pending,33593.3
342,2024-09-22,Delivered,90064.49
191,2024-11-05,Delivered,120869.92
41,2024-03-31,Shipped,64500.68
341,2023-02-03,Delivered,115842.66
435,2025-03-25,Shipped,48808.15
108,2024-12-08,Delivered,18747.79
219,2025-05-30,Delivered,77460.89
72,2024-12-01,Shipped,142449.49
248,2025-01-19,Cancelled,19965.39
308,2024-05-20,Shipped,142095.49
355,2024-01-26,Cancelled,17296.0
459,2025-04-01,Delivered,141727.76
77,2023-02-13,Delivered,89746.19
184,2024-05-18,Delivered,92035.24
113,2023-09-05,Delivered,143805.74
287,2024-10-04,Delivered,148379.39
205,2024-06-08,Shipped,7140.28
345,2024-06-01,Delivered,94659.71
463,2025-02-04,Delivered,82844.57
398,2024-11-22,Pending,18867.75
408,2025-06-01,Delivered,50510.58
45,2025-03-03,Delivered,46207.75
133,2025-03-06,Delivered,81225.78
477,2024-05-11,Shipped,113833.18
122,2024-01-30,Delivered,14536.28
325,2025-02-16,Pending,96950.7
312,2025-01-14,Delivered,32414.1
52,2023-10-19,Delivered,52959.92
350,2025-04-27,Pending,83218.03
457,2023-03-26,Delivered,62235.62
135,2023-02-12,Delivered,127794.37
97,2025-02-05,Delivered,33623.79
352,2024-01-17,Delivered,100949.23
77,2024-07-06,Delivered,124919.92
423,2024-05-03,Delivered,57356.05
299,2024-08-14,Delivered,109558.33
165,2023-02-05,Delivered,95186.89
281,2023-12-21,Delivered,10405.96
382,2023-03-12,Delivered,55270.53
268,2023-07-18,Delivered,113088.49
469,2024-03-27,Delivered,79494.25
327,2023-10-01,Shipped,67378.42
132,2024-08-28,Delivered,113386.22
108,2023-03-03,Delivered,5677.77
43,2025-05-26,Delivered,66095.79
91,2025-01-04,Shipped,110187.7
77,2024-10-09,Shipped,146007.56
404,2024-05-17,Pending,125729.77
462,2024-03-06,Delivered,146053.41
312,2023-12-01,Delivered,53969.16
14,2024-11-09,Cancelled,16280.74
281,2025-03-26,Cancelled,976.29
467,2023-08-15,Cancelled,109218.43
63,2025-01-07,Delivered,52019.0
437,2025-02-24,Delivered,116046.07
389,2024-01-14,Delivered,23638.12
150,2024-04-14,Delivered,108562.57
394,2023-12-23,Pending,27039.87
427,2024-07-12,Cancelled,147052.49
218,2025-06-06,Delivered,26874.78
159,2024-06-23,Pending,40404.64
227,2024-02-24,Delivered,92016.58
335,2024-01-27,Cancelled,30414.05
109,2023-01-22,Pending,9281.3
71,2023-10-04,Shipped,73140.85
280,2023-04-19,Shipped,71881.39
214,2023-01-01,Delivered,53715.3
6,2024-03-19,Shipped,139297.81
353,2024-07-02,Pending,9947.43
21,2025-05-16,Pending,23710.53
365,2023-03-15,Pending,105160.07
218,2023-01-28,Shipped,87273.82
435,2024-05-08,Shipped,130899.36
69,2023-12-19,Shipped,38489.99
345,2024-03-22,Delivered,69290.23
305,2024-02-11,Shipped,119817.03
328,2023-04-04,Shipped,91933.97
32,2024-10-30,Pending,19738.22
139,2024-08-29,Delivered,89202.17
256,2023-06-28,Cancelled,131137.21
234,2024-07-20,Delivered,51175.91
436,2023-06-01,Delivered,22227.84
488,2023-06-04,Shipped,84331.51
336,2025-01-21,Delivered,135974.9
458,2023-02-11,Delivered,113052.84
473,2024-10-15,Delivered,115894.42
283,2023-10-16,Shipped,51190.29
316,2023-11-05,Pending,82643.13
74,2023-12-26,Delivered,93458.29
277,2024-09-01,Delivered,47999.63
419,2025-02-01,Cancelled,32795.4
279,2024-08-11,Delivered,130621.65
80,2024-01-29,Pending,10900.12
288,2023-02-05,Shipped,144828.41
177,2024-12-01,Delivered,114874.62
244,2023-06-12,Pending,94916.08
120,2024-01-02,Delivered,139118.53
281,2024-09-18,Delivered,25813.22
246,2024-12-19,Delivered,6479.82
189,2024-06-29,Cancelled,127657.62
346,2023-12-29,Delivered,60269.03
472,2024-03-02,Shipped,66246.22
460,2024-03-28,Shipped,53354.92
254,2024-08-28,Delivered,40301.16
292,2025-01-23,Shipped,114487.11
478,2025-05-29,Shipped,141133.64
168,2025-04-18,Delivered,69959.24
1,2024-09-17,Delivered,110594.73
463,2024-07-30,Pending,132987.41
46,2024-01-10,Delivered,13022.33
190,2024-06-06,Pending,61539.4
233,2024-12-20,Delivered,131650.07
252,2023-07-14,Delivered,126642.2
276,2024-04-06,Pending,57646.94
437,2024-01-30,Delivered,149570.23
101,2024-11-01,Shipped,4478.81
40,2023-04-07,Cancelled,104406.77
177,2023-11-21,Delivered,69773.78
325,2024-08-12,Delivered,119719.17
402,2024-12-01,Pending,112641.29
340,2024-07-23,Shipped,22086.24
314,2023-08-30,Pending,744.57
403,2024-11-08,Pending,41104.28
239,2024-06-26,Delivered,96885.42
268,2023-01-13,Shipped,133435.67
202,2025-02-21,Delivered,52439.36
247,2025-05-05,Delivered,54197.67
470,2023-06-21,Delivered,35620.78
224,2023-11-08,Delivered,63127.12
129,2023-02-05,Delivered,136665.62
174,2023-02-08,Delivered,15773.03
96,2023-10-20,Shipped,49041.38
184,2025-01-07,Pending,100165.48
238,2024-09-12,Delivered,11419.25
164,2024-04-22,Delivered,12839.91
94,2023-03-28,Shipped,104687.15
499,2023-10-13,Pending,24668.22
333,2024-02-14,Delivered,24908.03
3,2024-11-26,Shipped,108634.58
22,2024-03-22,Shipped,6765.54
88,2024-08-11,Shipped,66582.34
159,2025-01-16,Delivered,49279.6
328,2024-02-15,Shipped,141820.27
462,2025-05-23,Pending,117625.86
131,2023-04-05,Delivered,141222.67
164,2024-09-25,Delivered,146111.82
163,2023-01-03,Delivered,42672.32
446,2024-04-20,Pending,147028.05
493,2025-05-07,Shipped,95414.47
222,2023-09-07,Delivered,74143.17
278,2023-11-09,Cancelled,104032.76
254,2023-09-21,Shipped,32601.28
490,2025-03-10,Delivered,62467.15
35,2025-02-20,Delivered,149307.51
89,2023-06-06,Cancelled,29027.12
374,2023-08-03,Delivered,116800.21
379,2023-11-08,Delivered,22879.57
62,2023-09-28,Delivered,79305.98
106,2023-03-21,Delivered,144365.22
213,2024-09-23,Delivered,19271.62
365,2024-05-11,Delivered,82623.03
368,2025-03-29,Pending,28865.87
7,2023-08-15,Delivered,64026.05
314,2024-08-31,Delivered,88544.96
382,2023-12-22,Pending,9255.97
399,2025-01-02,Shipped,65138.35
106,2024-03-31,Pending,96365.57
154,2024-04-05,Delivered,22303.74
67,2024-09-28,Cancelled,101882.39
363,2023-07-17,Shipped,143138.3
3,2025-04-20,Delivered,41807.16
52,2023-09-16,Pending,85075.28
262,2025-02-03,Delivered,145762.05
201,2023-09-26,Delivered,27049.07
498,2023-09-05,Delivered,141473.99
66,2025-03-12,Cancelled,143055.25
253,2023-07-08,Delivered,2357.81
496,2024-06-10,Shipped,41270.63
8,2024-01-25,Delivered,131627.53
171,2024-08-10,Delivered,122548.99
289,2024-10-28,Pending,119663.17
418,2024-06-20,Delivered,104629.96
479,2024-01-08,Shipped,54425.06
471,2023-12-20,Delivered,23323.29
25,2023-10-05,Delivered,69054.23
428,2024-09-20,Shipped,117714.43
137,2024-02-03,Pending,47112.69
45,2024-06-23,Delivered,130958.18
60,2025-05-13,Delivered,109753.03
66,2023-08-29,Delivered,5772.58
435,2024-03-20,Shipped,77029.51
454,2024-05-03,Delivered,100268.54
198,2024-07-17,Delivered,52322.28
176,2024-08-19,Shipped,86910.65
162,2025-01-18,Pending,49249.37
84,2025-04-06,Shipped,44769.02
358,2023-11-06,Pending,99485.97
148,2023-07-28,Pending,8796.43
498,2023-09-05,Pending,86196.64
44,2023-05-24,Delivered,71761.62
423,2023-05-21,Shipped,144327.36
195,2025-06-14,Delivered,3996.72
59,2024-09-30,Cancelled,106739.32
204,2024-06-21,Shipped,38175.43
2,2023-03-09,Delivered,77833.66
308,2023-09-22,Cancelled,38000.54
375,2024-02-20,Delivered,19605.97
427,2024-08-23,Pending,12306.37
333,2023-09-05,Cancelled,97637.98
85,2025-05-22,Pending,114870.47
22,2023-12-09,Delivered,30727.19
123,2023-12-11,Delivered,78000.81
349,2023-12-29,Pending,80323.23
22,2023-10-11,Delivered,29309.44
459,2024-12-20,Shipped,2432.36
138,2025-05-06,Delivered,26537.53
33,2023-11-25,Delivered,136111.88
85,2024-12-11,Pending,106467.84
66,2025-06-09,Cancelled,109514.88
31,2025-03-09,Delivered,7815.97
311,2024-03-01,Delivered,53800.65
286,2023-07-18,Delivered,25843.95
176,2025-02-08,Delivered,79859.46
488,2023-12-05,Shipped,103736.72
325,2023-07-27,Shipped,90444.03
261,2023-10-24,Delivered,111683.3
200,2025-02-09,Delivered,105646.06
26,2023-08-12,Shipped,84799.62
85,2025-03-23,Shipped,81146.36
298,2023-04-30,Delivered,14882.28
428,2024-06-23,Delivered,34528.31
463,2024-07-09,Delivered,90088.8
427,2024-09-29,Delivered,67565.69
71,2024-08-12,Pending,2852.82
104,2024-12-19,Delivered,16343.39
277,2025-05-16,Pending,66587.24
139,2023-07-17,Pending,9125.96
378,2023-03-01,Delivered,39657.59
38,2023-07-03,Delivered,72762.21
52,2023-07-30,Delivered,144779.79
345,2025-05-21,Delivered,77612.53
250,2023-11-27,Delivered,58538.13
266,2024-09-18,Pending,89089.31
421,2023-10-06,Shipped,133831.97
356,2023-02-16,Delivered,107361.28
118,2024-07-27,Delivered,135109.22
12,2025-06-04,Pending,126171.43
429,2023-10-24,Delivered,55347.33
467,2023-02-20,Delivered,30147.67
10,2024-01-16,Delivered,133687.15
302,2023-03-12,Delivered,105358.14
46,2023-03-09,Shipped,102200.15
337,2025-04-24,Shipped,7882.48
341,2024-03-15,Shipped,63502.45
382,2023-03-20,Delivered,128646.23
236,2024-03-14,Delivered,10181.59
371,2023-09-09,Delivered,124968.3
161,2023-08-04,Pending,65035.4
6,2025-03-24,Delivered,80703.95
176,2023-02-18,Delivered,142847.41
110,2023-09-01,Delivered,97201.94
393,2025-03-11,Delivered,142121.15
5,2023-04-29,Delivered,143710.25
273,2025-05-12,Cancelled,107408.48
419,2025-02-11,Delivered,34593.39
284,2025-02-25,Delivered,58390.72
369,2024-07-16,Delivered,45515.57
419,2025-05-12,Delivered,87684.43
213,2025-01-19,Shipped,66989.64
489,2024-09-11,Delivered,1952.1
154,2023-11-22,Delivered,33526.94
412,2023-11-24,Delivered,72491.53
392,2024-08-25,Delivered,4883.68
309,2023-01-23,Delivered,41377.85
395,2024-09-19,Pending,111731.29
49,2023-10-22,Delivered,113138.67
32,2024-09-13,Delivered,33285.61
146,2025-05-23,Delivered,9252.97
303,2025-05-10,Delivered,84957.2
231,2024-06-30,Shipped,144471.38
244,2023-06-18,Delivered,149799.68
472,2024-10-19,Delivered,540.8
290,2023-11-14,Delivered,68385.92
169,2024-01-14,Pending,61876.58
74,2024-12-16,Delivered,136330.33
387,2023-01-14,Shipped,121136.85
11,2023-09-11,Delivered,114629.07
444,2023-09-30,Delivered,8428.65
96,2023-01-05,Shipped,61928.4
481,2024-10-01,Pending,122763.52
216,2025-02-17,Cancelled,2827.97
314,2025-04-22,Delivered,78173.78
165,2023-08-13,Shipped,108011.18
270,2023-09-14,Delivered,42680.52
397,2025-01-24,Cancelled,25717.14
456,2023-07-01,Delivered,124686.27
311,2024-07-08,Shipped,75052.01
30,2025-05-13,Shipped,120783.33
484,2023-07-30,Shipped,141859.07
394,2023-12-02,Delivered,33350.15
94,2025-01-08,Delivered,36639.11
340,2023-08-05,Delivered,116993.02
422,2023-04-18,Delivered,96364.68
57,2025-05-20,Delivered,129812.4
93,2024-09-25,Delivered,24811.21
346,2024-12-28,Delivered,85890.11
414,2023-09-28,Shipped,4391.67
340,2025-01-31,Shipped,7190.85
488,2023-10-13,Shipped,2837.1
247,2024-09-04,Shipped,128155.82
50,2024-10-19,Shipped,26994.63
153,2024-12-24,Pending,140718.82
444,2023-07-06,Shipped,66399.92
26,2024-03-29,Shipped,134438.63
447,2024-11-17,Shipped,19075.21
252,2023-10-23,Pending,123370.32
485,2024-11-07,Delivered,79039.83
165,2024-06-22,Delivered,81157.63
266,2024-11-08,Shipped,71005.16
113,2024-02-16,Pending,41017.92
29,2023-06-30,Delivered,64545.16
314,2024-01-14,Pending,21946.48
205,2023-02-13,Delivered,122013.53
482,2023-07-31,Delivered,4703.07
136,2024-01-05,Shipped,88033.86
107,2024-04-07,Cancelled,102430.07
205,2024-01-06,Cancelled,30108.68
317,2025-05-18,Pending,113290.01
379,2023-06-16,Delivered,58784.6
382,2024-06-01,Delivered,64343.48
271,2024-04-11,Delivered,81280.31
258,2025-01-09,Pending,60016.8
429,2025-05-04,Delivered,55993.89
499,2024-09-15,Pending,121760.17
332,2023-08-27,Pending,30020.52
14,2025-04-26,Cancelled,132395.99
468,2025-02-16,Shipped,149860.64
152,2024-08-22,Delivered,32956.07
115,2023-08-04,Delivered,139255.99
134,2025-03-10,Delivered,115476.04
189,2024-07-12,Delivered,128787.02
470,2023-11-15,Delivered,45201.77
440,2024-03-10,Delivered,102590.53
237,2023-02-02,Delivered,88713.12
379,2023-11-14,Shipped,130831.19
450,2023-08-09,Cancelled,39286.92
104,2024-04-30,Pending,84138.67
465,2023-07-24,Delivered,32564.76
253,2025-05-17,Delivered,83091.52
240,2023-05-18,Delivered,117232.66
253,2024-02-09,Delivered,147208.78
484,2025-04-07,Shipped,57033.64
410,2023-06-17,Delivered,74036.94
120,2023-04-05,Pending,18561.53
406,2023-10-28,Delivered,51202.82
310,2024-08-07,Delivered,71014.74
303,2024-09-16,Delivered,37216.33
121,2024-04-26,Shipped,57176.56
30,2023-08-19,Cancelled,115814.72
475,2024-01-25,Shipped,17480.56
328,2024-04-14,Delivered,64950.97
460,2023-11-10,Cancelled,20208.76
162,2023-12-06,Delivered,109521.25
379,2023-06-06,Delivered,53464.17
346,2023-12-31,Shipped,28823.34
109,2024-11-01,Pending,73997.85
70,2024-06-09,Shipped,133409.96
60,2025-04-30,Delivered,16318.23
308,2024-01-11,Delivered,60743.42
148,2024-03-13,Pending,24479.88
265,2023-09-29,Delivered,33698.46
282,2023-12-19,Delivered,50511.02
300,2023-05-30,Delivered,129179.1
323,2024-03-24,Shipped,17936.44
7,2024-11-19,Delivered,126281.12
338,2024-05-12,Delivered,27343.64
224,2023-08-04,Delivered,48624.63
403,2023-07-25,Shipped,78695.7
456,2025-04-21,Shipped,78361.88
483,2023-02-06,Cancelled,6538.51
56,2023-03-05,Delivered,25992.95
170,2023-09-15,Pending,141726.03
104,2023-05-05,Cancelled,41486.42
253,2024-07-20,Pending,6794.01
49,2024-07-12,Shipped,107105.3
486,2024-10-04,Shipped,124585.95
474,2023-11-15,Pending,106727.07
291,2024-01-25,Delivered,51340.61
63,2024-01-05,Shipped,141248.77
291,2024-11-21,Pending,69080.54
50,2024-12-06,Delivered,62427.96
438,2024-12-15,Pending,138096.4
286,2024-04-03,Delivered,130206.08
227,2024-05-08,Pending,101754.16
100,2023-11-06,Delivered,52649.31
497,2023-02-11,Pending,97472.72
230,2023-06-11,Delivered,131978.22
240,2025-02-07,Shipped,33765.89
167,2024-10-16,Shipped,148924.93
368,2023-05-18,Delivered,108213.68
54,2023-10-21,Delivered,66573.44
498,2025-06-13,Pending,56720.01
212,2024-09-23,Delivered,7507.11
290,2024-10-24,Delivered,45558.46
227,2023-08-20,Cancelled,4440.87
55,2023-11-27,Pending,85463.99
335,2023-03-29,Delivered,3447.51
335,2025-05-02,Shipped,37793.99
298,2024-10-04,Shipped,87520.68
135,2024-11-16,Delivered,29842.21
444,2024-05-23,Cancelled,129147.99
79,2024-11-06,Delivered,42329.59
259,2024-10-07,Delivered,71165.15
335,2023-03-31,Pending,81105.46
358,2024-04-25,Shipped,114175.42
404,2023-03-20,Delivered,16988.3
222,2024-10-20,Delivered,143395.87
89,2023-06-19,Delivered,38079.96
235,2025-05-04,Delivered,49039.73
290,2023-10-21,Cancelled,24096.01
222,2023-11-15,Delivered,138437.95
60,2023-05-31,Delivered,52789.05
205,2025-01-26,Delivered,37203.69
375,2023-12-17,Shipped,17564.9
158,2024-05-01,Pending,82255.62
407,2023-05-12,Shipped,92773.6
378,2023-03-28,Delivered,44386.12
421,2024-02-21,Delivered,11104.44
131,2024-05-03,Pending,73785.83
19,2025-04-03,Delivered,86117.94
401,2023-02-13,Delivered,88807.46
273,2024-06-04,Shipped,80588.89
61,2023-08-15,Pending,92473.82
480,2024-07-30,Delivered,149850.7
91,2023-04-30,Delivered,5254.55
48,2025-01-19,Delivered,1037.34
394,2024-03-05,Cancelled,57005.28
372,2023-08-01,Delivered,6504.41
96,2023-04-03,Delivered,101804.02
238,2023-11-27,Delivered,40020.54
430,2024-07-11,Delivered,26623.69
109,2024-06-23,Delivered,41129.61
273,2024-12-22,Cancelled,28438.86
76,2023-07-14,Pending,39511.64
274,2023-03-26,Delivered,59655.04
346,2025-04-29,Delivered,99290.94
185,2024-09-23,Delivered,119597.01
415,2024-10-09,Pending,72073.51
461,2024-09-24,Pending,106396.26
229,2025-06-03,Pending,1082.32
191,2024-10-10,Delivered,62491.85
167,2024-10-19,Delivered,109689.01
293,2025-01-15,Shipped,74873.03
377,2023-03-21,Delivered,39073.16
23,2024-08-03,Cancelled,32539.83
405,2023-06-21,Delivered,61826.79
472,2025-03-18,Delivered,71376.68
69,2024-01-08,Shipped,27733.79
225,2024-09-10,Shipped,102122.43
263,2024-12-02,Cancelled,105586.56
123,2024-05-13,Shipped,34251.52
20,2025-05-06,Delivered,98498.38
473,2024-10-16,Delivered,138153.22
103,2024-07-25,Shipped,127214.93
487,2024-03-23,Delivered,6895.3
286,2024-10-27,Pending,46552.81
95,2024-01-10,Delivered,63018.49
381,2024-05-15,Shipped,54145.01
68,2023-05-10,Delivered,9087.93
169,2023-03-07,Shipped,109109.45
189,2024-05-14,Delivered,97366.57
281,2023-03-11,Delivered,41284.21
206,2024-11-08,Delivered,122404.35
124,2023-10-15,Cancelled,25675.9
481,2023-04-26,Shipped,32131.26
144,2025-01-15,Delivered,53786.72
214,2025-03-16,Pending,37318.59
379,2023-10-07,Shipped,24664.73
354,2025-06-06,Delivered,85701.57
243,2024-02-02,Cancelled,19523.44
347,2024-09-29,Delivered,14703.74
365,2025-05-22,Delivered,134389.7
83,2023-08-12,Delivered,90120.87
333,2025-04-19,Shipped,29170.95
21,2025-04-20,Delivered,130345.28
391,2024-06-25,Delivered,4065.72
44,2023-05-30,Delivered,24710.95
151,2025-03-26,Delivered,100703.69
292,2023-05-05,Cancelled,125844.19
94,2024-06-24,Delivered,73569.28
438,2025-03-06,Delivered,138379.76
355,2023-01-18,Delivered,83885.43
233,2023-02-01,Pending,137474.29
145,2023-05-26,Delivered,8952.98
281,2023-12-30,Cancelled,110862.99
224,2024-09-16,Pending,42019.97
107,2023-01-13,Delivered,145489.63
374,2023-09-17,Pending,92328.56
204,2024-01-18,Delivered,77437.79
335,2024-03-27,Pending,138717.86
259,2024-05-17,Delivered,5724.39
353,2025-01-02,Pending,12048.98
444,2025-06-04,Delivered,142262.92
431,2024-05-04,Shipped,74717.01
288,2023-03-27,Delivered,45815.71
176,2023-11-07,Delivered,68994.59
74,2023-02-05,Delivered,41749.22
176,2023-02-19,Shipped,120595.6
298,2025-02-09,Shipped,143071.39
254,2025-01-04,Shipped,144915.77
132,2023-08-30,Cancelled,38985.37
391,2023-11-19,Delivered,118399.75
262,2023-12-30,Delivered,18713.11
282,2024-12-01,Shipped,28274.54
256,2023-09-14,Delivered,7255.26
436,2023-12-25,Shipped,114983.14
245,2023-10-04,Pending,60760.59
127,2023-05-21,Pending,25572.16
266,2023-05-10,Delivered,109775.76
179,2024-10-13,Cancelled,125307.03
293,2025-03-08,Delivered,136765.61
170,2024-11-18,Shipped,41582.34
60,2024-08-07,Delivered,15621.53
214,2024-05-27,Delivered,60370.2
11,2024-03-30,Cancelled,51707.48
292,2024-01-15,Delivered,101833.82
121,2024-01-28,Delivered,9516.53
461,2023-09-19,Cancelled,87723.9
363,2025-04-23,Shipped,42780.18
203,2024-07-31,Cancelled,83778.55
301,2024-06-23,Delivered,82233.92
67,2023-06-08,Delivered,93886.1
336,2024-05-01,Delivered,40071.78
112,2023-04-07,Shipped,106138.84
30,2023-09-13,Cancelled,60830.3
274,2024-11-11,Shipped,134045.11
456,2024-12-07,Pending,125259.86
33,2025-04-15,Pending,131354.13
337,2025-06-02,Pending,45342.39
131,2023-02-28,Shipped,40295.14
277,2023-03-18,Shipped,99987.92
66,2025-06-03,Delivered,27764.19
345,2024-10-19,Pending,149068.9
324,2024-12-09,Delivered,115088.69
446,2023-06-11,Shipped,3210.09
216,2025-05-30,Pending,35083.88
439,2024-08-09,Shipped,13800.74
433,2025-02-01,Cancelled,45531.1
414,2023-09-10,Delivered,24991.23
28,2024-05-10,Delivered,36727.69
117,2025-04-18,Shipped,140614.72
481,2024-04-23,Delivered,57329.51
13,2025-03-05,Delivered,111927.21
348,2024-10-01,Delivered,65672.99
396,2024-09-17,Delivered,86712.49
345,2023-10-22,Shipped,80352.41
263,2023-06-23,Shipped,4959.82
155,2024-02-10,Delivered,114408.37
141,2024-08-08,Cancelled,127349.8
448,2023-02-22,Shipped,109783.89
225,2025-06-03,Delivered,8537.51
306,2025-05-02,Delivered,45460.15
286,2025-04-20,Pending,56993.3
364,2024-01-11,Delivered,147991.03
11,2024-04-27,Delivered,97171.8
59,2025-02-21,Delivered,37289.73
22,2024-12-22,Delivered,129238.25
2,2025-01-26,Shipped,99775.87
342,2024-10-21,Cancelled,118645.68
207,2025-05-31,Delivered,71206.36
369,2024-02-25,Pending,68892.7
364,2023-07-16,Delivered,87311.64
456,2024-05-21,Pending,52297.98
90,2023-04-24,Cancelled,23461.56
295,2024-06-28,Shipped,40460.69
354,2024-09-19,Delivered,85128.11
434,2023-03-28,Delivered,123428.77
9,2024-05-28,Cancelled,116721.53
247,2023-11-28,Delivered,46869.66
142,2023-07-05,Delivered,33728.19
454,2023-05-15,Delivered,144996.21
405,2025-02-15,Delivered,101000.34
44,2023-08-11,Delivered,82011.98
338,2024-03-30,Cancelled,99821.26
322,2025-05-04,Delivered,108434.99
30,2024-02-20,Delivered,38442.88
279,2023-02-08,Delivered,27311.67
360,2024-04-24,Pending,31200.85
329,2023-10-27,Delivered,80577.81
375,2024-09-23,Pending,43315.7
283,2024-05-03,Cancelled,77461.25
246,2024-01-13,Pending,75663.11
391,2024-02-18,Cancelled,34277.21
460,2024-12-02,Shipped,40203.66
314,2025-01-15,Delivered,103227.98
402,2023-10-25,Delivered,63186.59
37,2024-04-15,Cancelled,48602.34
387,2023-07-03,Delivered,71586.34
24,2024-03-29,Delivered,68564.32
259,2023-04-13,Pending,95146.73
445,2025-03-16,Delivered,77307.43
63,2023-02-10,Shipped,29023.6
184,2025-05-30,Delivered,7917.2
224,2023-01-26,Delivered,26213.06
458,2023-08-19,Delivered,83494.1
389,2023-12-03,Shipped,14266.44
223,2024-04-02,Shipped,88192.12
28,2024-08-07,Shipped,70185.51
209,2025-01-11,Pending,76235.55
192,2023-11-05,Delivered,65664.6
169,2025-02-18,Delivered,120693.96
496,2024-11-24,Delivered,129094.92
57,2023-10-11,Shipped,93320.11
135,2023-06-27,Cancelled,88014.91
409,2023-04-28,Delivered,74886.44
115,2023-08-30,Shipped,17624.33
196,2025-03-03,Delivered,22313.43
152,2024-09-24,Delivered,68667.54
156,2024-12-03,Delivered,68479.28
15,2023-02-19,Cancelled,114088.99
483,2025-05-08,Shipped,8490.59
405,2025-02-14,Shipped,56036.35
7,2025-02-24,Shipped,30213.77
116,2024-09-23,Shipped,131482.71
111,2023-08-28,Delivered,58254.68
130,2025-02-07,Delivered,120771.26
107,2025-04-26,Delivered,119315.65
170,2023-12-06,Pending,72046.71
346,2024-06-13,Delivered,38641.75
305,2025-01-03,Delivered,5082.06
137,2025-03-23,Delivered,53601.12
205,2023-08-21,Shipped,133218.49
413,2024-01-30,Delivered,149494.38
165,2024-07-27,Shipped,138328.03
48,2024-01-08,Cancelled,93583.69
462,2024-10-02,Delivered,27254.62
207,2023-03-09,Cancelled,133536.37
141,2024-10-27,Delivered,11378.74
99,2024-12-18,Cancelled,147753.86
417,2024-06-27,Shipped,73369.35
25,2024-03-28,Delivered,122244.15
248,2023-10-03,Delivered,133169.0
356,2023-05-29,Delivered,119127.89
71,2023-09-05,Delivered,80025.3
2,2023-03-29,Delivered,121151.7
383,2024-05-10,Delivered,120979.08
168,2024-09-24,Pending,79214.51
405,2023-04-03,Delivered,89972.45
275,2023-04-25,Delivered,11678.39
52,2023-01-28,Shipped,28254.67
132,2024-01-22,Pending,138185.55
386,2024-10-23,Delivered,56269.75
497,2024-06-24,Shipped,86790.32
411,2025-01-30,Delivered,27499.6
280,2025-05-30,Delivered,75099.86
5,2024-08-26,Delivered,77763.99
169,2025-03-16,Delivered,134543.82
61,2024-08-06,Pending,9574.13
144,2023-04-16,Delivered,9938.52
379,2023-08-20,Delivered,75868.2
70,2023-07-25,Delivered,78133.29
353,2023-07-07,Delivered,64065.15
339,2025-03-25,Delivered,67580.97
365,2024-08-07,Delivered,20356.77
123,2023-05-22,Cancelled,57013.87
450,2023-03-21,Pending,48596.0
119,2024-03-15,Delivered,18908.01
128,2023-02-08,Shipped,5306.97
369,2024-02-10,Delivered,29651.97
224,2024-11-01,Delivered,23456.97
334,2023-04-21,Delivered,14514.84
36,2023-08-30,Shipped,46921.46
458,2023-05-31,Shipped,16941.08
29,2023-11-06,Pending,52529.62
269,2024-02-23,Delivered,18690.6
471,2024-04-08,Shipped,91056.52
36,2024-04-16,Shipped,54838.46
314,2025-03-02,Delivered,92109.44
78,2024-07-07,Delivered,16842.41
236,2024-11-20,Delivered,9439.4
452,2025-05-24,Pending,41115.79
62,2024-02-24,Cancelled,147538.31
425,2024-11-02,Pending,147569.16
376,2025-03-31,Cancelled,10382.59
354,2023-10-04,Delivered,39912.4
297,2024-11-24,Delivered,148660.62
15,2024-10-26,Delivered,108851.43
157,2025-02-09,Delivered,42744.43
281,2024-08-12,Shipped,91311.36
48,2023-09-14,Delivered,144283.05
117,2023-04-05,Pending,86472.03
409,2023-04-05,Delivered,85233.78
411,2024-04-15,Shipped,139013.68
154,2024-11-29,Shipped,146713.4
179,2024-08-22,Delivered,87647.93
471,2023-08-17,Delivered,15360.66
353,2024-09-28,Delivered,9696.79
310,2025-01-02,Cancelled,33759.96
483,2023-09-06,Delivered,77443.88
142,2024-12-31,Pending,33699.61
451,2023-06-24,Pending,72140.04
187,2023-04-10,Delivered,46138.34
212,2023-03-01,Shipped,50178.0
254,2023-12-10,Delivered,96574.8
128,2023-02-11,Delivered,121785.23
223,2024-11-10,Delivered,61229.61
134,2024-01-21,Delivered,20797.82
162,2025-04-03,Cancelled,86394.88
277,2023-06-03,Shipped,26350.58
341,2025-06-09,Delivered,35618.04
450,2024-11-28,Cancelled,125097.94
429,2024-11-27,Delivered,123579.85
4,2025-03-23,Delivered,19687.78
330,2023-05-23,Cancelled,91565.46
48,2023-04-22,Pending,46147.29
315,2023-12-24,Delivered,108764.08
468,2024-03-03,Delivered,146040.13
250,2024-05-29,Delivered,91676.22
38,2024-03-02,Delivered,135583.87
431,2023-10-14,Shipped,80327.16
52,2024-06-13,Delivered,127285.89
31,2024-04-26,Pending,111381.58
306,2024-01-29,Delivered,18268.28
260,2025-02-07,Delivered,103546.45
445,2023-07-04,Cancelled,73086.78
342,2023-02-27,Pending,108648.97
193,2023-09-22,Delivered,45420.28
193,2023-01-27,Delivered,6644.77
492,2023-05-03,Delivered,84916.51
213,2024-01-24,Delivered,119278.62
29,2023-05-28,Shipped,40935.3
480,2024-10-06,Shipped,64947.09
114,2025-06-04,Delivered,23766.67
75,2025-03-03,Pending,121788.96
342,2023-03-30,Delivered,54747.93
107,2023-06-03,Delivered,78392.77
320,2025-02-28,Delivered,88127.2
176,2025-04-02,Delivered,16146.6
365,2023-04-18,Delivered,99079.48
227,2024-02-26,Delivered,146711.12
349,2024-07-23,Delivered,30602.93
457,2023-06-15,Cancelled,104382.03
331,2024-06-20,Delivered,142529.18
179,2024-07-13,Delivered,107298.88
202,2023-05-28,Delivered,75032.95
390,2024-03-11,Delivered,45810.09
301,2023-07-29,Delivered,118536.59
431,2023-03-15,Delivered,19751.41
96,2024-11-05,Delivered,76281.76
225,2023-07-29,Delivered,20534.54
498,2023-10-22,Delivered,51686.66
6,2023-05-16,Pending,28656.24
